pair_id,layer,position,n_patched_tokens,ld_clean,ld_corrupted,ld_patched,recovery,answer_flipped,causal_class
pair_0,-1,sink_arg,2,-0.40625,-0.515625,-0.515625,0.0,False,not_encoded
pair_0,-1,last_token,1,-0.40625,-0.515625,-0.515625,0.0,False,not_encoded
pair_0,-1,sanitizer_def,1,-0.40625,-0.515625,-0.515625,0.0,False,not_encoded
pair_0,0,sink_arg,2,-0.40625,-0.515625,-0.390625,1.1428571428571428,False,not_encoded
pair_0,0,last_token,1,-0.40625,-0.515625,-0.515625,0.0,False,not_encoded
pair_0,0,sanitizer_def,1,-0.40625,-0.515625,-0.515625,0.0,False,not_encoded
pair_0,3,sink_arg,2,-0.40625,-0.515625,-0.40625,1.0,False,not_encoded
pair_0,3,last_token,1,-0.40625,-0.515625,-0.515625,0.0,False,not_encoded
pair_0,3,sanitizer_def,1,-0.40625,-0.515625,-0.515625,0.0,False,not_encoded
pair_0,7,sink_arg,2,-0.40625,-0.515625,-0.453125,0.5714285714285714,False,encoded_and_used
pair_0,7,last_token,1,-0.40625,-0.515625,-0.515625,0.0,False,encoded_but_unused
pair_0,7,sanitizer_def,1,-0.40625,-0.515625,-0.515625,0.0,False,encoded_but_unused
pair_0,11,sink_arg,2,-0.40625,-0.515625,-0.515625,0.0,False,encoded_but_unused
pair_0,11,last_token,1,-0.40625,-0.515625,-0.5,0.14285714285714285,False,encoded_but_unused
pair_0,11,sanitizer_def,1,-0.40625,-0.515625,-0.515625,0.0,False,encoded_but_unused
pair_0,15,sink_arg,2,-0.40625,-0.515625,-0.515625,0.0,False,not_encoded
pair_0,15,last_token,1,-0.40625,-0.515625,-0.46875,0.42857142857142855,False,not_encoded
pair_0,15,sanitizer_def,1,-0.40625,-0.515625,-0.515625,0.0,False,not_encoded
pair_0,19,sink_arg,2,-0.40625,-0.515625,-0.515625,0.0,False,encoded_but_unused
pair_0,19,last_token,1,-0.40625,-0.515625,-0.40625,1.0,False,encoded_and_used
pair_0,19,sanitizer_def,1,-0.40625,-0.515625,-0.515625,0.0,False,encoded_but_unused
pair_0,23,sink_arg,2,-0.40625,-0.515625,-0.515625,0.0,False,encoded_but_unused
pair_0,23,last_token,1,-0.40625,-0.515625,-0.40625,1.0,False,encoded_and_used
pair_0,23,sanitizer_def,1,-0.40625,-0.515625,-0.515625,0.0,False,encoded_but_unused
pair_0,27,sink_arg,2,-0.40625,-0.515625,-0.53125,-0.14285714285714285,False,encoded_but_unused
pair_0,27,last_token,1,-0.40625,-0.515625,-0.390625,1.1428571428571428,False,encoded_and_used
pair_0,27,sanitizer_def,1,-0.40625,-0.515625,-0.515625,0.0,False,encoded_but_unused
pair_0,31,sink_arg,2,-0.40625,-0.515625,-0.515625,0.0,False,encoded_but_unused
pair_0,31,last_token,1,-0.40625,-0.515625,-0.40625,1.0,False,encoded_and_used
pair_0,31,sanitizer_def,1,-0.40625,-0.515625,-0.515625,0.0,False,encoded_but_unused
pair_1,-1,sink_arg,1,-0.15625,-0.234375,-0.234375,0.0,False,not_encoded
pair_1,-1,last_token,1,-0.15625,-0.234375,-0.234375,0.0,False,not_encoded
pair_1,-1,sanitizer_def,1,-0.15625,-0.234375,-0.234375,0.0,False,not_encoded
pair_1,0,sink_arg,1,-0.15625,-0.234375,-0.15625,1.0,False,not_encoded
pair_1,0,last_token,1,-0.15625,-0.234375,-0.25,-0.2,False,not_encoded
pair_1,0,sanitizer_def,1,-0.15625,-0.234375,-0.234375,0.0,False,not_encoded
pair_1,3,sink_arg,1,-0.15625,-0.234375,-0.1875,0.6,False,not_encoded
pair_1,3,last_token,1,-0.15625,-0.234375,-0.234375,0.0,False,not_encoded
pair_1,3,sanitizer_def,1,-0.15625,-0.234375,-0.234375,0.0,False,not_encoded
pair_1,7,sink_arg,1,-0.15625,-0.234375,-0.21875,0.2,False,not_encoded
pair_1,7,last_token,1,-0.15625,-0.234375,-0.234375,0.0,False,not_encoded
pair_1,7,sanitizer_def,1,-0.15625,-0.234375,-0.234375,0.0,False,not_encoded
pair_1,11,sink_arg,1,-0.15625,-0.234375,-0.234375,0.0,False,not_encoded
pair_1,11,last_token,1,-0.15625,-0.234375,-0.203125,0.4,False,not_encoded
pair_1,11,sanitizer_def,1,-0.15625,-0.234375,-0.234375,0.0,False,not_encoded
pair_1,15,sink_arg,1,-0.15625,-0.234375,-0.234375,0.0,False,not_encoded
pair_1,15,last_token,1,-0.15625,-0.234375,-0.203125,0.4,False,not_encoded
pair_1,15,sanitizer_def,1,-0.15625,-0.234375,-0.234375,0.0,False,not_encoded
pair_1,19,sink_arg,1,-0.15625,-0.234375,-0.234375,0.0,False,not_encoded
pair_1,19,last_token,1,-0.15625,-0.234375,-0.171875,0.8,False,not_encoded
pair_1,19,sanitizer_def,1,-0.15625,-0.234375,-0.234375,0.0,False,not_encoded
pair_1,23,sink_arg,1,-0.15625,-0.234375,-0.234375,0.0,False,not_encoded
pair_1,23,last_token,1,-0.15625,-0.234375,-0.15625,1.0,False,not_encoded
pair_1,23,sanitizer_def,1,-0.15625,-0.234375,-0.234375,0.0,False,not_encoded
pair_1,27,sink_arg,1,-0.15625,-0.234375,-0.25,-0.2,False,not_encoded
pair_1,27,last_token,1,-0.15625,-0.234375,-0.15625,1.0,False,not_encoded
pair_1,27,sanitizer_def,1,-0.15625,-0.234375,-0.234375,0.0,False,not_encoded
pair_1,31,sink_arg,1,-0.15625,-0.234375,-0.234375,0.0,False,encoded_but_unused
pair_1,31,last_token,1,-0.15625,-0.234375,-0.15625,1.0,False,encoded_and_used
pair_1,31,sanitizer_def,1,-0.15625,-0.234375,-0.234375,0.0,False,encoded_but_unused
pair_2,-1,sink_arg,2,-0.5000000596046448,-0.53125,-0.53125,0.0,False,not_encoded
pair_2,-1,last_token,1,-0.5000000596046448,-0.53125,-0.53125,0.0,False,not_encoded
pair_2,-1,sanitizer_def,1,-0.5000000596046448,-0.53125,-0.53125,0.0,False,not_encoded
pair_2,0,sink_arg,2,-0.5000000596046448,-0.53125,-0.5000000596046448,1.0,False,not_encoded
pair_2,0,last_token,1,-0.5000000596046448,-0.53125,-0.53125,0.0,False,not_encoded
pair_2,0,sanitizer_def,1,-0.5000000596046448,-0.53125,-0.53125,0.0,False,not_encoded
pair_2,3,sink_arg,2,-0.5000000596046448,-0.53125,-0.484375,1.5000028610284062,False,not_encoded
pair_2,3,last_token,1,-0.5000000596046448,-0.53125,-0.546875,-0.5000009536761354,False,not_encoded
pair_2,3,sanitizer_def,1,-0.5000000596046448,-0.53125,-0.53125,0.0,False,not_encoded
pair_2,7,sink_arg,2,-0.5000000596046448,-0.53125,-0.4843749403953552,1.500004768380677,False,encoded_and_used
pair_2,7,last_token,1,-0.5000000596046448,-0.53125,-0.53125,0.0,False,encoded_but_unused
pair_2,7,sanitizer_def,1,-0.5000000596046448,-0.53125,-0.53125,0.0,False,encoded_but_unused
pair_2,11,sink_arg,2,-0.5000000596046448,-0.53125,-0.484375,1.5000028610284062,False,encoded_and_used
pair_2,11,last_token,1,-0.5000000596046448,-0.53125,-0.5312499403953552,1.907352270798246e-06,False,encoded_but_unused
pair_2,11,sanitizer_def,1,-0.5000000596046448,-0.53125,-0.53125,0.0,False,encoded_but_unused
pair_2,15,sink_arg,2,-0.5000000596046448,-0.53125,-0.5,1.0000019073522708,False,not_encoded
pair_2,15,last_token,1,-0.5000000596046448,-0.53125,-0.5312499403953552,1.907352270798246e-06,False,not_encoded
pair_2,15,sanitizer_def,1,-0.5000000596046448,-0.53125,-0.53125,0.0,False,not_encoded
pair_2,19,sink_arg,2,-0.5000000596046448,-0.53125,-0.546875,-0.5000009536761354,False,encoded_but_unused
pair_2,19,last_token,1,-0.5000000596046448,-0.53125,-0.546875,-0.5000009536761354,False,encoded_but_unused
pair_2,19,sanitizer_def,1,-0.5000000596046448,-0.53125,-0.53125,0.0,False,encoded_but_unused
pair_2,23,sink_arg,2,-0.5000000596046448,-0.53125,-0.5312499403953552,1.907352270798246e-06,False,not_encoded
pair_2,23,last_token,1,-0.5000000596046448,-0.53125,-0.546875,-0.5000009536761354,False,not_encoded
pair_2,23,sanitizer_def,1,-0.5000000596046448,-0.53125,-0.53125,0.0,False,not_encoded
pair_2,27,sink_arg,2,-0.5000000596046448,-0.53125,-0.53125,0.0,False,not_encoded
pair_2,27,last_token,1,-0.5000000596046448,-0.53125,-0.53125,0.0,False,not_encoded
pair_2,27,sanitizer_def,1,-0.5000000596046448,-0.53125,-0.53125,0.0,False,not_encoded
pair_2,31,sink_arg,2,-0.5000000596046448,-0.53125,-0.53125,0.0,False,encoded_but_unused
pair_2,31,last_token,1,-0.5000000596046448,-0.53125,-0.5000000596046448,1.0,False,encoded_and_used
pair_2,31,sanitizer_def,1,-0.5000000596046448,-0.53125,-0.53125,0.0,False,encoded_but_unused
pair_3,-1,sink_arg,1,-0.265625,-0.34375,-0.34375,0.0,False,not_encoded
pair_3,-1,last_token,1,-0.265625,-0.34375,-0.34375,0.0,False,not_encoded
pair_3,-1,sanitizer_def,1,-0.265625,-0.34375,-0.34375,0.0,False,not_encoded
pair_3,0,sink_arg,1,-0.265625,-0.34375,-0.265625,1.0,False,not_encoded
pair_3,0,last_token,1,-0.265625,-0.34375,-0.34375,0.0,False,not_encoded
pair_3,0,sanitizer_def,1,-0.265625,-0.34375,-0.34375,0.0,False,not_encoded
pair_3,3,sink_arg,1,-0.265625,-0.34375,-0.296875,0.6,False,not_encoded
pair_3,3,last_token,1,-0.265625,-0.34375,-0.34375,0.0,False,not_encoded
pair_3,3,sanitizer_def,1,-0.265625,-0.34375,-0.34375,0.0,False,not_encoded
pair_3,7,sink_arg,1,-0.265625,-0.34375,-0.328125,0.2,False,not_encoded
pair_3,7,last_token,1,-0.265625,-0.34375,-0.34375,0.0,False,not_encoded
pair_3,7,sanitizer_def,1,-0.265625,-0.34375,-0.34375,0.0,False,not_encoded
pair_3,11,sink_arg,1,-0.265625,-0.34375,-0.34375,0.0,False,not_encoded
pair_3,11,last_token,1,-0.265625,-0.34375,-0.328125,0.2,False,not_encoded
pair_3,11,sanitizer_def,1,-0.265625,-0.34375,-0.34375,0.0,False,not_encoded
pair_3,15,sink_arg,1,-0.265625,-0.34375,-0.34375,0.0,False,encoded_but_unused
pair_3,15,last_token,1,-0.265625,-0.34375,-0.328125,0.2,False,encoded_but_unused
pair_3,15,sanitizer_def,1,-0.265625,-0.34375,-0.34375,0.0,False,encoded_but_unused
pair_3,19,sink_arg,1,-0.265625,-0.34375,-0.34375,0.0,False,encoded_but_unused
pair_3,19,last_token,1,-0.265625,-0.34375,-0.28125,0.8,False,encoded_and_used
pair_3,19,sanitizer_def,1,-0.265625,-0.34375,-0.34375,0.0,False,encoded_but_unused
pair_3,23,sink_arg,1,-0.265625,-0.34375,-0.34375,0.0,False,not_encoded
pair_3,23,last_token,1,-0.265625,-0.34375,-0.265625,1.0,False,not_encoded
pair_3,23,sanitizer_def,1,-0.265625,-0.34375,-0.34375,0.0,False,not_encoded
pair_3,27,sink_arg,1,-0.265625,-0.34375,-0.34375,0.0,False,not_encoded
pair_3,27,last_token,1,-0.265625,-0.34375,-0.265625,1.0,False,not_encoded
pair_3,27,sanitizer_def,1,-0.265625,-0.34375,-0.34375,0.0,False,not_encoded
pair_3,31,sink_arg,1,-0.265625,-0.34375,-0.34375,0.0,False,encoded_but_unused
pair_3,31,last_token,1,-0.265625,-0.34375,-0.265625,1.0,False,encoded_and_used
pair_3,31,sanitizer_def,1,-0.265625,-0.34375,-0.34375,0.0,False,encoded_but_unused
pair_4,-1,sink_arg,2,-0.484375,-0.546875,-0.546875,0.0,False,not_encoded
pair_4,-1,last_token,1,-0.484375,-0.546875,-0.546875,0.0,False,not_encoded
pair_4,-1,sanitizer_def,1,-0.484375,-0.546875,-0.546875,0.0,False,not_encoded
pair_4,0,sink_arg,2,-0.484375,-0.546875,-0.484375,1.0,False,not_encoded
pair_4,0,last_token,1,-0.484375,-0.546875,-0.5312500596046448,0.2499990463256836,False,not_encoded
pair_4,0,sanitizer_def,1,-0.484375,-0.546875,-0.546875,0.0,False,not_encoded
pair_4,3,sink_arg,2,-0.484375,-0.546875,-0.4687500596046448,1.2499990463256836,False,not_encoded
pair_4,3,last_token,1,-0.484375,-0.546875,-0.5312500596046448,0.2499990463256836,False,not_encoded
pair_4,3,sanitizer_def,1,-0.484375,-0.546875,-0.546875,0.0,False,not_encoded
pair_4,7,sink_arg,2,-0.484375,-0.546875,-0.4999999403953552,0.7500009536743164,False,encoded_and_used
pair_4,7,last_token,1,-0.484375,-0.546875,-0.53125,0.25,False,encoded_but_unused
pair_4,7,sanitizer_def,1,-0.484375,-0.546875,-0.546875,0.0,False,encoded_but_unused
pair_4,11,sink_arg,2,-0.484375,-0.546875,-0.53125,0.25,False,encoded_but_unused
pair_4,11,last_token,1,-0.484375,-0.546875,-0.546875,0.0,False,encoded_but_unused
pair_4,11,sanitizer_def,1,-0.484375,-0.546875,-0.546875,0.0,False,encoded_but_unused
pair_4,15,sink_arg,2,-0.484375,-0.546875,-0.515625,0.5,False,not_encoded
pair_4,15,last_token,1,-0.484375,-0.546875,-0.53125,0.25,False,not_encoded
pair_4,15,sanitizer_def,1,-0.484375,-0.546875,-0.546875,0.0,False,not_encoded
pair_4,19,sink_arg,2,-0.484375,-0.546875,-0.515625,0.5,False,encoded_but_unused
pair_4,19,last_token,1,-0.484375,-0.546875,-0.5,0.75,False,encoded_and_used
pair_4,19,sanitizer_def,1,-0.484375,-0.546875,-0.546875,0.0,False,encoded_but_unused
pair_4,23,sink_arg,2,-0.484375,-0.546875,-0.53125,0.25,False,not_encoded
pair_4,23,last_token,1,-0.484375,-0.546875,-0.5,0.75,False,not_encoded
pair_4,23,sanitizer_def,1,-0.484375,-0.546875,-0.546875,0.0,False,not_encoded
pair_4,27,sink_arg,2,-0.484375,-0.546875,-0.53125,0.25,False,encoded_but_unused
pair_4,27,last_token,1,-0.484375,-0.546875,-0.5,0.75,False,encoded_and_used
pair_4,27,sanitizer_def,1,-0.484375,-0.546875,-0.546875,0.0,False,encoded_but_unused
pair_4,31,sink_arg,2,-0.484375,-0.546875,-0.546875,0.0,False,encoded_but_unused
pair_4,31,last_token,1,-0.484375,-0.546875,-0.484375,1.0,False,encoded_and_used
pair_4,31,sanitizer_def,1,-0.484375,-0.546875,-0.546875,0.0,False,encoded_but_unused
pair_5,-1,sink_arg,2,-0.21875,-0.34375,-0.34375,0.0,False,not_encoded
pair_5,-1,last_token,1,-0.21875,-0.34375,-0.34375,0.0,False,not_encoded
pair_5,-1,sanitizer_def,1,-0.21875,-0.34375,-0.34375,0.0,False,not_encoded
pair_5,0,sink_arg,2,-0.21875,-0.34375,-0.234375,0.875,False,not_encoded
pair_5,0,last_token,1,-0.21875,-0.34375,-0.34375,0.0,False,not_encoded
pair_5,0,sanitizer_def,1,-0.21875,-0.34375,-0.34375,0.0,False,not_encoded
pair_5,3,sink_arg,2,-0.21875,-0.34375,-0.234375,0.875,False,not_encoded
pair_5,3,last_token,1,-0.21875,-0.34375,-0.34375,0.0,False,not_encoded
pair_5,3,sanitizer_def,1,-0.21875,-0.34375,-0.34375,0.0,False,not_encoded
pair_5,7,sink_arg,2,-0.21875,-0.34375,-0.28125,0.5,False,not_encoded
pair_5,7,last_token,1,-0.21875,-0.34375,-0.328125,0.125,False,not_encoded
pair_5,7,sanitizer_def,1,-0.21875,-0.34375,-0.34375,0.0,False,not_encoded
pair_5,11,sink_arg,2,-0.21875,-0.34375,-0.28125,0.5,False,encoded_but_unused
pair_5,11,last_token,1,-0.21875,-0.34375,-0.328125,0.125,False,encoded_but_unused
pair_5,11,sanitizer_def,1,-0.21875,-0.34375,-0.34375,0.0,False,encoded_but_unused
pair_5,15,sink_arg,2,-0.21875,-0.34375,-0.3125,0.25,False,encoded_but_unused
pair_5,15,last_token,1,-0.21875,-0.34375,-0.296875,0.375,False,encoded_but_unused
pair_5,15,sanitizer_def,1,-0.21875,-0.34375,-0.34375,0.0,False,encoded_but_unused
pair_5,19,sink_arg,2,-0.21875,-0.34375,-0.34375,0.0,False,encoded_but_unused
pair_5,19,last_token,1,-0.21875,-0.34375,-0.234375,0.875,False,encoded_and_used
pair_5,19,sanitizer_def,1,-0.21875,-0.34375,-0.34375,0.0,False,encoded_but_unused
pair_5,23,sink_arg,2,-0.21875,-0.34375,-0.34375,0.0,False,not_encoded
pair_5,23,last_token,1,-0.21875,-0.34375,-0.234375,0.875,False,not_encoded
pair_5,23,sanitizer_def,1,-0.21875,-0.34375,-0.34375,0.0,False,not_encoded
pair_5,27,sink_arg,2,-0.21875,-0.34375,-0.34375,0.0,False,not_encoded
pair_5,27,last_token,1,-0.21875,-0.34375,-0.234375,0.875,False,not_encoded
pair_5,27,sanitizer_def,1,-0.21875,-0.34375,-0.34375,0.0,False,not_encoded
pair_5,31,sink_arg,2,-0.21875,-0.34375,-0.34375,0.0,False,encoded_but_unused
pair_5,31,last_token,1,-0.21875,-0.34375,-0.21875,1.0,False,encoded_and_used
pair_5,31,sanitizer_def,1,-0.21875,-0.34375,-0.34375,0.0,False,encoded_but_unused
pair_6,-1,sink_arg,2,-0.3125,-0.4375,-0.4375,0.0,False,not_encoded
pair_6,-1,last_token,1,-0.3125,-0.4375,-0.4375,0.0,False,not_encoded
pair_6,-1,sanitizer_def,1,-0.3125,-0.4375,-0.4375,0.0,False,not_encoded
pair_6,0,sink_arg,2,-0.3125,-0.4375,-0.328125,0.875,False,not_encoded
pair_6,0,last_token,1,-0.3125,-0.4375,-0.4375,0.0,False,not_encoded
pair_6,0,sanitizer_def,1,-0.3125,-0.4375,-0.4375,0.0,False,not_encoded
pair_6,3,sink_arg,2,-0.3125,-0.4375,-0.328125,0.875,False,not_encoded
pair_6,3,last_token,1,-0.3125,-0.4375,-0.4375,0.0,False,not_encoded
pair_6,3,sanitizer_def,1,-0.3125,-0.4375,-0.4375,0.0,False,not_encoded
pair_6,7,sink_arg,2,-0.3125,-0.4375,-0.359375,0.625,False,encoded_and_used
pair_6,7,last_token,1,-0.3125,-0.4375,-0.4375,0.0,False,encoded_but_unused
pair_6,7,sanitizer_def,1,-0.3125,-0.4375,-0.4375,0.0,False,encoded_but_unused
pair_6,11,sink_arg,2,-0.3125,-0.4375,-0.375,0.5,False,encoded_but_unused
pair_6,11,last_token,1,-0.3125,-0.4375,-0.421875,0.125,False,encoded_but_unused
pair_6,11,sanitizer_def,1,-0.3125,-0.4375,-0.4375,0.0,False,encoded_but_unused
pair_6,15,sink_arg,2,-0.3125,-0.4375,-0.40625,0.25,False,not_encoded
pair_6,15,last_token,1,-0.3125,-0.4375,-0.421875,0.125,False,not_encoded
pair_6,15,sanitizer_def,1,-0.3125,-0.4375,-0.4375,0.0,False,not_encoded
pair_6,19,sink_arg,2,-0.3125,-0.4375,-0.4375,0.0,False,encoded_but_unused
pair_6,19,last_token,1,-0.3125,-0.4375,-0.34375,0.75,False,encoded_and_used
pair_6,19,sanitizer_def,1,-0.3125,-0.4375,-0.4375,0.0,False,encoded_but_unused
pair_6,23,sink_arg,2,-0.3125,-0.4375,-0.4375,0.0,False,encoded_but_unused
pair_6,23,last_token,1,-0.3125,-0.4375,-0.34375,0.75,False,encoded_and_used
pair_6,23,sanitizer_def,1,-0.3125,-0.4375,-0.4375,0.0,False,encoded_but_unused
pair_6,27,sink_arg,2,-0.3125,-0.4375,-0.4375,0.0,False,encoded_but_unused
pair_6,27,last_token,1,-0.3125,-0.4375,-0.34375,0.75,False,encoded_and_used
pair_6,27,sanitizer_def,1,-0.3125,-0.4375,-0.4375,0.0,False,encoded_but_unused
pair_6,31,sink_arg,2,-0.3125,-0.4375,-0.4375,0.0,False,encoded_but_unused
pair_6,31,last_token,1,-0.3125,-0.4375,-0.3125,1.0,False,encoded_and_used
pair_6,31,sanitizer_def,1,-0.3125,-0.4375,-0.4375,0.0,False,encoded_but_unused
pair_7,-1,sink_arg,2,-0.28125,-0.359375,-0.359375,0.0,False,not_encoded
pair_7,-1,last_token,1,-0.28125,-0.359375,-0.359375,0.0,False,not_encoded
pair_7,-1,sanitizer_def,1,-0.28125,-0.359375,-0.359375,0.0,False,not_encoded
pair_7,0,sink_arg,2,-0.28125,-0.359375,-0.28125,1.0,False,not_encoded
pair_7,0,last_token,1,-0.28125,-0.359375,-0.375,-0.2,False,not_encoded
pair_7,0,sanitizer_def,1,-0.28125,-0.359375,-0.359375,0.0,False,not_encoded
pair_7,3,sink_arg,2,-0.28125,-0.359375,-0.28125,1.0,False,not_encoded
pair_7,3,last_token,1,-0.28125,-0.359375,-0.359375,0.0,False,not_encoded
pair_7,3,sanitizer_def,1,-0.28125,-0.359375,-0.359375,0.0,False,not_encoded
pair_7,7,sink_arg,2,-0.28125,-0.359375,-0.28125,1.0,False,encoded_and_used
pair_7,7,last_token,1,-0.28125,-0.359375,-0.375,-0.2,False,encoded_but_unused
pair_7,7,sanitizer_def,1,-0.28125,-0.359375,-0.359375,0.0,False,encoded_but_unused
pair_7,11,sink_arg,2,-0.28125,-0.359375,-0.3125,0.6,False,encoded_and_used
pair_7,11,last_token,1,-0.28125,-0.359375,-0.359375,0.0,False,encoded_but_unused
pair_7,11,sanitizer_def,1,-0.28125,-0.359375,-0.359375,0.0,False,encoded_but_unused
pair_7,15,sink_arg,2,-0.28125,-0.359375,-0.34375,0.2,False,encoded_but_unused
pair_7,15,last_token,1,-0.28125,-0.359375,-0.375,-0.2,False,encoded_but_unused
pair_7,15,sanitizer_def,1,-0.28125,-0.359375,-0.359375,0.0,False,encoded_but_unused
pair_7,19,sink_arg,2,-0.28125,-0.359375,-0.375,-0.2,False,encoded_but_unused
pair_7,19,last_token,1,-0.28125,-0.359375,-0.328125,0.4,False,encoded_but_unused
pair_7,19,sanitizer_def,1,-0.28125,-0.359375,-0.359375,0.0,False,encoded_but_unused
pair_7,23,sink_arg,2,-0.28125,-0.359375,-0.375,-0.2,False,not_encoded
pair_7,23,last_token,1,-0.28125,-0.359375,-0.3125,0.6,False,not_encoded
pair_7,23,sanitizer_def,1,-0.28125,-0.359375,-0.359375,0.0,False,not_encoded
pair_7,27,sink_arg,2,-0.28125,-0.359375,-0.375,-0.2,False,not_encoded
pair_7,27,last_token,1,-0.28125,-0.359375,-0.3125,0.6,False,not_encoded
pair_7,27,sanitizer_def,1,-0.28125,-0.359375,-0.359375,0.0,False,not_encoded
pair_7,31,sink_arg,2,-0.28125,-0.359375,-0.359375,0.0,False,encoded_but_unused
pair_7,31,last_token,1,-0.28125,-0.359375,-0.28125,1.0,False,encoded_and_used
pair_7,31,sanitizer_def,1,-0.28125,-0.359375,-0.359375,0.0,False,encoded_but_unused
pair_8,-1,sink_arg,2,-0.515625,-0.5781249403953552,-0.5781249403953552,0.0,False,not_encoded
pair_8,-1,last_token,1,-0.515625,-0.5781249403953552,-0.5781249403953552,0.0,False,not_encoded
pair_8,-1,sanitizer_def,1,-0.515625,-0.5781249403953552,-0.5781249403953552,0.0,False,not_encoded
pair_8,0,sink_arg,2,-0.515625,-0.5781249403953552,-0.53125,0.7499997615811935,False,not_encoded
pair_8,0,last_token,1,-0.515625,-0.5781249403953552,-0.5781250596046448,-1.9073504518036383e-06,False,not_encoded
pair_8,0,sanitizer_def,1,-0.515625,-0.5781249403953552,-0.5781249403953552,0.0,False,not_encoded
pair_8,3,sink_arg,2,-0.515625,-0.5781249403953552,-0.53125,0.7499997615811935,False,not_encoded
pair_8,3,last_token,1,-0.515625,-0.5781249403953552,-0.5781249403953552,0.0,False,not_encoded
pair_8,3,sanitizer_def,1,-0.515625,-0.5781249403953552,-0.5781249403953552,0.0,False,not_encoded
pair_8,7,sink_arg,2,-0.515625,-0.5781249403953552,-0.53125,0.7499997615811935,False,encoded_and_used
pair_8,7,last_token,1,-0.515625,-0.5781249403953552,-0.578125,-9.536752259018191e-07,False,encoded_but_unused
pair_8,7,sanitizer_def,1,-0.515625,-0.5781249403953552,-0.5781249403953552,0.0,False,encoded_but_unused
pair_8,11,sink_arg,2,-0.515625,-0.5781249403953552,-0.5312500596046448,0.7499988079059676,False,encoded_and_used
pair_8,11,last_token,1,-0.515625,-0.5781249403953552,-0.5468750596046448,0.49999856948716115,False,encoded_but_unused
pair_8,11,sanitizer_def,1,-0.515625,-0.5781249403953552,-0.5781249403953552,0.0,False,encoded_but_unused
pair_8,15,sink_arg,2,-0.515625,-0.5781249403953552,-0.5625,0.24999928474358057,False,not_encoded
pair_8,15,last_token,1,-0.515625,-0.5781249403953552,-0.546875,0.49999952316238705,False,not_encoded
pair_8,15,sanitizer_def,1,-0.515625,-0.5781249403953552,-0.5781249403953552,0.0,False,not_encoded
pair_8,19,sink_arg,2,-0.515625,-0.5781249403953552,-0.5625000596046448,0.24999833106835467,False,encoded_but_unused
pair_8,19,last_token,1,-0.515625,-0.5781249403953552,-0.546875,0.49999952316238705,False,encoded_but_unused
pair_8,19,sanitizer_def,1,-0.515625,-0.5781249403953552,-0.5781249403953552,0.0,False,encoded_but_unused
pair_8,23,sink_arg,2,-0.515625,-0.5781249403953552,-0.5625,0.24999928474358057,False,encoded_but_unused
pair_8,23,last_token,1,-0.515625,-0.5781249403953552,-0.546875,0.49999952316238705,False,encoded_but_unused
pair_8,23,sanitizer_def,1,-0.515625,-0.5781249403953552,-0.5781249403953552,0.0,False,encoded_but_unused
pair_8,27,sink_arg,2,-0.515625,-0.5781249403953552,-0.578125,-9.536752259018191e-07,False,encoded_but_unused
pair_8,27,last_token,1,-0.515625,-0.5781249403953552,-0.546875,0.49999952316238705,False,encoded_but_unused
pair_8,27,sanitizer_def,1,-0.515625,-0.5781249403953552,-0.5781249403953552,0.0,False,encoded_but_unused
pair_8,31,sink_arg,2,-0.515625,-0.5781249403953552,-0.5781249403953552,0.0,False,encoded_but_unused
pair_8,31,last_token,1,-0.515625,-0.5781249403953552,-0.515625,1.0,False,encoded_and_used
pair_8,31,sanitizer_def,1,-0.515625,-0.5781249403953552,-0.5781249403953552,0.0,False,encoded_but_unused
pair_9,-1,sink_arg,2,-0.5625,-0.625,-0.625,0.0,False,not_encoded
pair_9,-1,last_token,1,-0.5625,-0.625,-0.625,0.0,False,not_encoded
pair_9,-1,sanitizer_def,1,-0.5625,-0.625,-0.625,0.0,False,not_encoded
pair_9,0,sink_arg,2,-0.5625,-0.625,-0.5625,1.0,False,not_encoded
pair_9,0,last_token,1,-0.5625,-0.625,-0.609375,0.25,False,not_encoded
pair_9,0,sanitizer_def,1,-0.5625,-0.625,-0.625,0.0,False,not_encoded
pair_9,3,sink_arg,2,-0.5625,-0.625,-0.5625,1.0,False,not_encoded
pair_9,3,last_token,1,-0.5625,-0.625,-0.609375,0.25,False,not_encoded
pair_9,3,sanitizer_def,1,-0.5625,-0.625,-0.625,0.0,False,not_encoded
pair_9,7,sink_arg,2,-0.5625,-0.625,-0.546875,1.25,False,encoded_and_used
pair_9,7,last_token,1,-0.5625,-0.625,-0.59375,0.5,False,encoded_but_unused
pair_9,7,sanitizer_def,1,-0.5625,-0.625,-0.625,0.0,False,encoded_but_unused
pair_9,11,sink_arg,2,-0.5625,-0.625,-0.5625,1.0,False,encoded_and_used
pair_9,11,last_token,1,-0.5625,-0.625,-0.609375,0.25,False,encoded_but_unused
pair_9,11,sanitizer_def,1,-0.5625,-0.625,-0.625,0.0,False,encoded_but_unused
pair_9,15,sink_arg,2,-0.5625,-0.625,-0.578125,0.75,False,not_encoded
pair_9,15,last_token,1,-0.5625,-0.625,-0.578125,0.75,False,not_encoded
pair_9,15,sanitizer_def,1,-0.5625,-0.625,-0.625,0.0,False,not_encoded
pair_9,19,sink_arg,2,-0.5625,-0.625,-0.609375,0.25,False,encoded_but_unused
pair_9,19,last_token,1,-0.5625,-0.625,-0.578125,0.75,False,encoded_and_used
pair_9,19,sanitizer_def,1,-0.5625,-0.625,-0.625,0.0,False,encoded_but_unused
pair_9,23,sink_arg,2,-0.5625,-0.625,-0.609375,0.25,False,encoded_but_unused
pair_9,23,last_token,1,-0.5625,-0.625,-0.5625,1.0,False,encoded_and_used
pair_9,23,sanitizer_def,1,-0.5625,-0.625,-0.625,0.0,False,encoded_but_unused
pair_9,27,sink_arg,2,-0.5625,-0.625,-0.609375,0.25,False,encoded_but_unused
pair_9,27,last_token,1,-0.5625,-0.625,-0.5625,1.0,False,encoded_and_used
pair_9,27,sanitizer_def,1,-0.5625,-0.625,-0.625,0.0,False,encoded_but_unused
pair_9,31,sink_arg,2,-0.5625,-0.625,-0.625,0.0,False,encoded_but_unused
pair_9,31,last_token,1,-0.5625,-0.625,-0.5625,1.0,False,encoded_and_used
pair_9,31,sanitizer_def,1,-0.5625,-0.625,-0.625,0.0,False,encoded_but_unused
pair_10,-1,sink_arg,1,-0.25,-0.34375,-0.34375,0.0,False,not_encoded
pair_10,-1,last_token,1,-0.25,-0.34375,-0.34375,0.0,False,not_encoded
pair_10,-1,sanitizer_def,1,-0.25,-0.34375,-0.34375,0.0,False,not_encoded
pair_10,0,sink_arg,1,-0.25,-0.34375,-0.25,1.0,False,not_encoded
pair_10,0,last_token,1,-0.25,-0.34375,-0.34375,0.0,False,not_encoded
pair_10,0,sanitizer_def,1,-0.25,-0.34375,-0.34375,0.0,False,not_encoded
pair_10,3,sink_arg,1,-0.25,-0.34375,-0.28125,0.6666666666666666,False,not_encoded
pair_10,3,last_token,1,-0.25,-0.34375,-0.34375,0.0,False,not_encoded
pair_10,3,sanitizer_def,1,-0.25,-0.34375,-0.34375,0.0,False,not_encoded
pair_10,7,sink_arg,1,-0.25,-0.34375,-0.296875,0.5,False,encoded_but_unused
pair_10,7,last_token,1,-0.25,-0.34375,-0.34375,0.0,False,encoded_but_unused
pair_10,7,sanitizer_def,1,-0.25,-0.34375,-0.34375,0.0,False,encoded_but_unused
pair_10,11,sink_arg,1,-0.25,-0.34375,-0.3125,0.3333333333333333,False,encoded_but_unused
pair_10,11,last_token,1,-0.25,-0.34375,-0.34375,0.0,False,encoded_but_unused
pair_10,11,sanitizer_def,1,-0.25,-0.34375,-0.34375,0.0,False,encoded_but_unused
pair_10,15,sink_arg,1,-0.25,-0.34375,-0.328125,0.16666666666666666,False,not_encoded
pair_10,15,last_token,1,-0.25,-0.34375,-0.328125,0.16666666666666666,False,not_encoded
pair_10,15,sanitizer_def,1,-0.25,-0.34375,-0.34375,0.0,False,not_encoded
pair_10,19,sink_arg,1,-0.25,-0.34375,-0.34375,0.0,False,encoded_but_unused
pair_10,19,last_token,1,-0.25,-0.34375,-0.265625,0.8333333333333334,False,encoded_and_used
pair_10,19,sanitizer_def,1,-0.25,-0.34375,-0.34375,0.0,False,encoded_but_unused
pair_10,23,sink_arg,1,-0.25,-0.34375,-0.34375,0.0,False,encoded_but_unused
pair_10,23,last_token,1,-0.25,-0.34375,-0.265625,0.8333333333333334,False,encoded_and_used
pair_10,23,sanitizer_def,1,-0.25,-0.34375,-0.34375,0.0,False,encoded_but_unused
pair_10,27,sink_arg,1,-0.25,-0.34375,-0.34375,0.0,False,encoded_but_unused
pair_10,27,last_token,1,-0.25,-0.34375,-0.265625,0.8333333333333334,False,encoded_and_used
pair_10,27,sanitizer_def,1,-0.25,-0.34375,-0.34375,0.0,False,encoded_but_unused
pair_10,31,sink_arg,1,-0.25,-0.34375,-0.34375,0.0,False,encoded_but_unused
pair_10,31,last_token,1,-0.25,-0.34375,-0.25,1.0,False,encoded_and_used
pair_10,31,sanitizer_def,1,-0.25,-0.34375,-0.34375,0.0,False,encoded_but_unused
pair_11,-1,sink_arg,2,-0.5,-0.609375,-0.609375,0.0,False,not_encoded
pair_11,-1,last_token,1,-0.5,-0.609375,-0.609375,0.0,False,not_encoded
pair_11,-1,sanitizer_def,1,-0.5,-0.609375,-0.609375,0.0,False,not_encoded
pair_11,0,sink_arg,2,-0.5,-0.609375,-0.484375,1.1428571428571428,False,not_encoded
pair_11,0,last_token,1,-0.5,-0.609375,-0.609375,0.0,False,not_encoded
pair_11,0,sanitizer_def,1,-0.5,-0.609375,-0.609375,0.0,False,not_encoded
pair_11,3,sink_arg,2,-0.5,-0.609375,-0.5,1.0,False,not_encoded
pair_11,3,last_token,1,-0.5,-0.609375,-0.609375,0.0,False,not_encoded
pair_11,3,sanitizer_def,1,-0.5,-0.609375,-0.609375,0.0,False,not_encoded
pair_11,7,sink_arg,2,-0.5,-0.609375,-0.546875,0.5714285714285714,False,encoded_and_used
pair_11,7,last_token,1,-0.5,-0.609375,-0.609375,0.0,False,encoded_but_unused
pair_11,7,sanitizer_def,1,-0.5,-0.609375,-0.609375,0.0,False,encoded_but_unused
pair_11,11,sink_arg,2,-0.5,-0.609375,-0.578125,0.2857142857142857,False,encoded_but_unused
pair_11,11,last_token,1,-0.5,-0.609375,-0.59375,0.14285714285714285,False,encoded_but_unused
pair_11,11,sanitizer_def,1,-0.5,-0.609375,-0.609375,0.0,False,encoded_but_unused
pair_11,15,sink_arg,2,-0.5,-0.609375,-0.609375,0.0,False,not_encoded
pair_11,15,last_token,1,-0.5,-0.609375,-0.5625,0.42857142857142855,False,not_encoded
pair_11,15,sanitizer_def,1,-0.5,-0.609375,-0.609375,0.0,False,not_encoded
pair_11,19,sink_arg,2,-0.5,-0.609375,-0.625,-0.14285714285714285,False,encoded_but_unused
pair_11,19,last_token,1,-0.5,-0.609375,-0.5,1.0,False,encoded_and_used
pair_11,19,sanitizer_def,1,-0.5,-0.609375,-0.609375,0.0,False,encoded_but_unused
pair_11,23,sink_arg,2,-0.5,-0.609375,-0.609375,0.0,False,encoded_but_unused
pair_11,23,last_token,1,-0.5,-0.609375,-0.5,1.0,False,encoded_and_used
pair_11,23,sanitizer_def,1,-0.5,-0.609375,-0.609375,0.0,False,encoded_but_unused
pair_11,27,sink_arg,2,-0.5,-0.609375,-0.609375,0.0,False,encoded_but_unused
pair_11,27,last_token,1,-0.5,-0.609375,-0.5,1.0,False,encoded_and_used
pair_11,27,sanitizer_def,1,-0.5,-0.609375,-0.609375,0.0,False,encoded_but_unused
pair_11,31,sink_arg,2,-0.5,-0.609375,-0.609375,0.0,False,encoded_but_unused
pair_11,31,last_token,1,-0.5,-0.609375,-0.5,1.0,False,encoded_and_used
pair_11,31,sanitizer_def,1,-0.5,-0.609375,-0.609375,0.0,False,encoded_but_unused
pair_12,-1,sink_arg,2,-0.421875,-0.515625,-0.515625,0.0,False,not_encoded
pair_12,-1,last_token,1,-0.421875,-0.515625,-0.515625,0.0,False,not_encoded
pair_12,-1,sanitizer_def,1,-0.421875,-0.515625,-0.515625,0.0,False,not_encoded
pair_12,0,sink_arg,2,-0.421875,-0.515625,-0.421875,1.0,False,not_encoded
pair_12,0,last_token,1,-0.421875,-0.515625,-0.515625,0.0,False,not_encoded
pair_12,0,sanitizer_def,1,-0.421875,-0.515625,-0.515625,0.0,False,not_encoded
pair_12,3,sink_arg,2,-0.421875,-0.515625,-0.421875,1.0,False,not_encoded
pair_12,3,last_token,1,-0.421875,-0.515625,-0.515625,0.0,False,not_encoded
pair_12,3,sanitizer_def,1,-0.421875,-0.515625,-0.515625,0.0,False,not_encoded
pair_12,7,sink_arg,2,-0.421875,-0.515625,-0.4375,0.8333333333333334,False,encoded_and_used
pair_12,7,last_token,1,-0.421875,-0.515625,-0.515625,0.0,False,encoded_but_unused
pair_12,7,sanitizer_def,1,-0.421875,-0.515625,-0.515625,0.0,False,encoded_but_unused
pair_12,11,sink_arg,2,-0.421875,-0.515625,-0.453125,0.6666666666666666,False,encoded_and_used
pair_12,11,last_token,1,-0.421875,-0.515625,-0.5,0.16666666666666666,False,encoded_but_unused
pair_12,11,sanitizer_def,1,-0.421875,-0.515625,-0.515625,0.0,False,encoded_but_unused
pair_12,15,sink_arg,2,-0.421875,-0.515625,-0.5,0.16666666666666666,False,encoded_but_unused
pair_12,15,last_token,1,-0.421875,-0.515625,-0.484375,0.3333333333333333,False,encoded_but_unused
pair_12,15,sanitizer_def,1,-0.421875,-0.515625,-0.515625,0.0,False,encoded_but_unused
pair_12,19,sink_arg,2,-0.421875,-0.515625,-0.5,0.16666666666666666,False,encoded_but_unused
pair_12,19,last_token,1,-0.421875,-0.515625,-0.4375,0.8333333333333334,False,encoded_and_used
pair_12,19,sanitizer_def,1,-0.421875,-0.515625,-0.515625,0.0,False,encoded_but_unused
pair_12,23,sink_arg,2,-0.421875,-0.515625,-0.5,0.16666666666666666,False,not_encoded
pair_12,23,last_token,1,-0.421875,-0.515625,-0.4375,0.8333333333333334,False,not_encoded
pair_12,23,sanitizer_def,1,-0.421875,-0.515625,-0.515625,0.0,False,not_encoded
pair_12,27,sink_arg,2,-0.421875,-0.515625,-0.5,0.16666666666666666,False,not_encoded
pair_12,27,last_token,1,-0.421875,-0.515625,-0.4375,0.8333333333333334,False,not_encoded
pair_12,27,sanitizer_def,1,-0.421875,-0.515625,-0.515625,0.0,False,not_encoded
pair_12,31,sink_arg,2,-0.421875,-0.515625,-0.515625,0.0,False,encoded_but_unused
pair_12,31,last_token,1,-0.421875,-0.515625,-0.421875,1.0,False,encoded_and_used
pair_12,31,sanitizer_def,1,-0.421875,-0.515625,-0.515625,0.0,False,encoded_but_unused
pair_13,-1,sink_arg,2,-0.28125,-0.3125,-0.3125,0.0,False,not_encoded
pair_13,-1,last_token,1,-0.28125,-0.3125,-0.3125,0.0,False,not_encoded
pair_13,-1,sanitizer_def,1,-0.28125,-0.3125,-0.3125,0.0,False,not_encoded
pair_13,0,sink_arg,2,-0.28125,-0.3125,-0.296875,0.5,False,not_encoded
pair_13,0,last_token,1,-0.28125,-0.3125,-0.3125,0.0,False,not_encoded
pair_13,0,sanitizer_def,1,-0.28125,-0.3125,-0.3125,0.0,False,not_encoded
pair_13,3,sink_arg,2,-0.28125,-0.3125,-0.28125,1.0,False,not_encoded
pair_13,3,last_token,1,-0.28125,-0.3125,-0.3125,0.0,False,not_encoded
pair_13,3,sanitizer_def,1,-0.28125,-0.3125,-0.3125,0.0,False,not_encoded
pair_13,7,sink_arg,2,-0.28125,-0.3125,-0.28125,1.0,False,not_encoded
pair_13,7,last_token,1,-0.28125,-0.3125,-0.296875,0.5,False,not_encoded
pair_13,7,sanitizer_def,1,-0.28125,-0.3125,-0.3125,0.0,False,not_encoded
pair_13,11,sink_arg,2,-0.28125,-0.3125,-0.28125,1.0,False,not_encoded
pair_13,11,last_token,1,-0.28125,-0.3125,-0.3125,0.0,False,not_encoded
pair_13,11,sanitizer_def,1,-0.28125,-0.3125,-0.3125,0.0,False,not_encoded
pair_13,15,sink_arg,2,-0.28125,-0.3125,-0.296875,0.5,False,encoded_but_unused
pair_13,15,last_token,1,-0.28125,-0.3125,-0.328125,-0.5,False,encoded_but_unused
pair_13,15,sanitizer_def,1,-0.28125,-0.3125,-0.3125,0.0,False,encoded_but_unused
pair_13,19,sink_arg,2,-0.28125,-0.3125,-0.296875,0.5,False,encoded_but_unused
pair_13,19,last_token,1,-0.28125,-0.3125,-0.296875,0.5,False,encoded_but_unused
pair_13,19,sanitizer_def,1,-0.28125,-0.3125,-0.3125,0.0,False,encoded_but_unused
pair_13,23,sink_arg,2,-0.28125,-0.3125,-0.3125,0.0,False,not_encoded
pair_13,23,last_token,1,-0.28125,-0.3125,-0.3125,0.0,False,not_encoded
pair_13,23,sanitizer_def,1,-0.28125,-0.3125,-0.3125,0.0,False,not_encoded
pair_13,27,sink_arg,2,-0.28125,-0.3125,-0.296875,0.5,False,not_encoded
pair_13,27,last_token,1,-0.28125,-0.3125,-0.3125,0.0,False,not_encoded
pair_13,27,sanitizer_def,1,-0.28125,-0.3125,-0.3125,0.0,False,not_encoded
pair_13,31,sink_arg,2,-0.28125,-0.3125,-0.3125,0.0,False,encoded_but_unused
pair_13,31,last_token,1,-0.28125,-0.3125,-0.28125,1.0,False,encoded_and_used
pair_13,31,sanitizer_def,1,-0.28125,-0.3125,-0.3125,0.0,False,encoded_but_unused
pair_14,-1,sink_arg,2,-0.28125,-0.359375,-0.359375,0.0,False,not_encoded
pair_14,-1,last_token,1,-0.28125,-0.359375,-0.359375,0.0,False,not_encoded
pair_14,-1,sanitizer_def,1,-0.28125,-0.359375,-0.359375,0.0,False,not_encoded
pair_14,0,sink_arg,2,-0.28125,-0.359375,-0.28125,1.0,False,not_encoded
pair_14,0,last_token,1,-0.28125,-0.359375,-0.375,-0.2,False,not_encoded
pair_14,0,sanitizer_def,1,-0.28125,-0.359375,-0.359375,0.0,False,not_encoded
pair_14,3,sink_arg,2,-0.28125,-0.359375,-0.28125,1.0,False,not_encoded
pair_14,3,last_token,1,-0.28125,-0.359375,-0.359375,0.0,False,not_encoded
pair_14,3,sanitizer_def,1,-0.28125,-0.359375,-0.359375,0.0,False,not_encoded
pair_14,7,sink_arg,2,-0.28125,-0.359375,-0.28125,1.0,False,encoded_and_used
pair_14,7,last_token,1,-0.28125,-0.359375,-0.375,-0.2,False,encoded_but_unused
pair_14,7,sanitizer_def,1,-0.28125,-0.359375,-0.359375,0.0,False,encoded_but_unused
pair_14,11,sink_arg,2,-0.28125,-0.359375,-0.3125,0.6,False,encoded_and_used
pair_14,11,last_token,1,-0.28125,-0.359375,-0.359375,0.0,False,encoded_but_unused
pair_14,11,sanitizer_def,1,-0.28125,-0.359375,-0.359375,0.0,False,encoded_but_unused
pair_14,15,sink_arg,2,-0.28125,-0.359375,-0.34375,0.2,False,encoded_but_unused
pair_14,15,last_token,1,-0.28125,-0.359375,-0.375,-0.2,False,encoded_but_unused
pair_14,15,sanitizer_def,1,-0.28125,-0.359375,-0.359375,0.0,False,encoded_but_unused
pair_14,19,sink_arg,2,-0.28125,-0.359375,-0.375,-0.2,False,encoded_but_unused
pair_14,19,last_token,1,-0.28125,-0.359375,-0.328125,0.4,False,encoded_but_unused
pair_14,19,sanitizer_def,1,-0.28125,-0.359375,-0.359375,0.0,False,encoded_but_unused
pair_14,23,sink_arg,2,-0.28125,-0.359375,-0.375,-0.2,False,not_encoded
pair_14,23,last_token,1,-0.28125,-0.359375,-0.3125,0.6,False,not_encoded
pair_14,23,sanitizer_def,1,-0.28125,-0.359375,-0.359375,0.0,False,not_encoded
pair_14,27,sink_arg,2,-0.28125,-0.359375,-0.375,-0.2,False,not_encoded
pair_14,27,last_token,1,-0.28125,-0.359375,-0.3125,0.6,False,not_encoded
pair_14,27,sanitizer_def,1,-0.28125,-0.359375,-0.359375,0.0,False,not_encoded
pair_14,31,sink_arg,2,-0.28125,-0.359375,-0.359375,0.0,False,encoded_but_unused
pair_14,31,last_token,1,-0.28125,-0.359375,-0.28125,1.0,False,encoded_and_used
pair_14,31,sanitizer_def,1,-0.28125,-0.359375,-0.359375,0.0,False,encoded_but_unused
pair_15,-1,sink_arg,2,-0.453125,-0.578125,-0.578125,0.0,False,not_encoded
pair_15,-1,last_token,1,-0.453125,-0.578125,-0.578125,0.0,False,not_encoded
pair_15,-1,sanitizer_def,1,-0.453125,-0.578125,-0.578125,0.0,False,not_encoded
pair_15,0,sink_arg,2,-0.453125,-0.578125,-0.4375,1.125,False,not_encoded
pair_15,0,last_token,1,-0.453125,-0.578125,-0.578125,0.0,False,not_encoded
pair_15,0,sanitizer_def,1,-0.453125,-0.578125,-0.578125,0.0,False,not_encoded
pair_15,3,sink_arg,2,-0.453125,-0.578125,-0.453125,1.0,False,not_encoded
pair_15,3,last_token,1,-0.453125,-0.578125,-0.578125,0.0,False,not_encoded
pair_15,3,sanitizer_def,1,-0.453125,-0.578125,-0.578125,0.0,False,not_encoded
pair_15,7,sink_arg,2,-0.453125,-0.578125,-0.46875,0.875,False,encoded_and_used
pair_15,7,last_token,1,-0.453125,-0.578125,-0.578125,0.0,False,encoded_but_unused
pair_15,7,sanitizer_def,1,-0.453125,-0.578125,-0.578125,0.0,False,encoded_but_unused
pair_15,11,sink_arg,2,-0.453125,-0.578125,-0.5,0.625,False,encoded_and_used
pair_15,11,last_token,1,-0.453125,-0.578125,-0.5625,0.125,False,encoded_but_unused
pair_15,11,sanitizer_def,1,-0.453125,-0.578125,-0.578125,0.0,False,encoded_but_unused
pair_15,15,sink_arg,2,-0.453125,-0.578125,-0.546875,0.25,False,encoded_but_unused
pair_15,15,last_token,1,-0.453125,-0.578125,-0.515625,0.5,False,encoded_but_unused
pair_15,15,sanitizer_def,1,-0.453125,-0.578125,-0.578125,0.0,False,encoded_but_unused
pair_15,19,sink_arg,2,-0.453125,-0.578125,-0.5625,0.125,False,encoded_but_unused
pair_15,19,last_token,1,-0.453125,-0.578125,-0.484375,0.75,False,encoded_and_used
pair_15,19,sanitizer_def,1,-0.453125,-0.578125,-0.578125,0.0,False,encoded_but_unused
pair_15,23,sink_arg,2,-0.453125,-0.578125,-0.5625,0.125,False,not_encoded
pair_15,23,last_token,1,-0.453125,-0.578125,-0.484375,0.75,False,not_encoded
pair_15,23,sanitizer_def,1,-0.453125,-0.578125,-0.578125,0.0,False,not_encoded
pair_15,27,sink_arg,2,-0.453125,-0.578125,-0.578125,0.0,False,not_encoded
pair_15,27,last_token,1,-0.453125,-0.578125,-0.46875,0.875,False,not_encoded
pair_15,27,sanitizer_def,1,-0.453125,-0.578125,-0.578125,0.0,False,not_encoded
pair_15,31,sink_arg,2,-0.453125,-0.578125,-0.578125,0.0,False,not_encoded
pair_15,31,last_token,1,-0.453125,-0.578125,-0.453125,1.0,False,not_encoded
pair_15,31,sanitizer_def,1,-0.453125,-0.578125,-0.578125,0.0,False,not_encoded
pair_16,-1,sink_arg,1,-0.53125,-0.625,-0.625,0.0,False,not_encoded
pair_16,-1,last_token,1,-0.53125,-0.625,-0.625,0.0,False,not_encoded
pair_16,-1,sanitizer_def,1,-0.53125,-0.625,-0.625,0.0,False,not_encoded
pair_16,0,sink_arg,1,-0.53125,-0.625,-0.53125,1.0,False,not_encoded
pair_16,0,last_token,1,-0.53125,-0.625,-0.6249999403953552,6.357828776041666e-07,False,not_encoded
pair_16,0,sanitizer_def,1,-0.53125,-0.625,-0.625,0.0,False,not_encoded
pair_16,3,sink_arg,1,-0.53125,-0.625,-0.578125,0.5,False,not_encoded
pair_16,3,last_token,1,-0.53125,-0.625,-0.625,0.0,False,not_encoded
pair_16,3,sanitizer_def,1,-0.53125,-0.625,-0.625,0.0,False,not_encoded
pair_16,7,sink_arg,1,-0.53125,-0.625,-0.578125,0.5,False,encoded_but_unused
pair_16,7,last_token,1,-0.53125,-0.625,-0.625,0.0,False,encoded_but_unused
pair_16,7,sanitizer_def,1,-0.53125,-0.625,-0.625,0.0,False,encoded_but_unused
pair_16,11,sink_arg,1,-0.53125,-0.625,-0.59375,0.3333333333333333,False,encoded_but_unused
pair_16,11,last_token,1,-0.53125,-0.625,-0.609375,0.16666666666666666,False,encoded_but_unused
pair_16,11,sanitizer_def,1,-0.53125,-0.625,-0.625,0.0,False,encoded_but_unused
pair_16,15,sink_arg,1,-0.53125,-0.625,-0.625,0.0,False,not_encoded
pair_16,15,last_token,1,-0.53125,-0.625,-0.578125,0.5,False,not_encoded
pair_16,15,sanitizer_def,1,-0.53125,-0.625,-0.625,0.0,False,not_encoded
pair_16,19,sink_arg,1,-0.53125,-0.625,-0.625,0.0,False,encoded_but_unused
pair_16,19,last_token,1,-0.53125,-0.625,-0.546875,0.8333333333333334,False,encoded_and_used
pair_16,19,sanitizer_def,1,-0.53125,-0.625,-0.625,0.0,False,encoded_but_unused
pair_16,23,sink_arg,1,-0.53125,-0.625,-0.609375,0.16666666666666666,False,encoded_but_unused
pair_16,23,last_token,1,-0.53125,-0.625,-0.546875,0.8333333333333334,False,encoded_and_used
pair_16,23,sanitizer_def,1,-0.53125,-0.625,-0.625,0.0,False,encoded_but_unused
pair_16,27,sink_arg,1,-0.53125,-0.625,-0.625,0.0,False,encoded_but_unused
pair_16,27,last_token,1,-0.53125,-0.625,-0.546875,0.8333333333333334,False,encoded_and_used
pair_16,27,sanitizer_def,1,-0.53125,-0.625,-0.625,0.0,False,encoded_but_unused
pair_16,31,sink_arg,1,-0.53125,-0.625,-0.625,0.0,False,encoded_but_unused
pair_16,31,last_token,1,-0.53125,-0.625,-0.53125,1.0,False,encoded_and_used
pair_16,31,sanitizer_def,1,-0.53125,-0.625,-0.625,0.0,False,encoded_but_unused
pair_17,-1,sink_arg,2,-0.40625,-0.515625,-0.515625,0.0,False,not_encoded
pair_17,-1,last_token,1,-0.40625,-0.515625,-0.515625,0.0,False,not_encoded
pair_17,-1,sanitizer_def,1,-0.40625,-0.515625,-0.515625,0.0,False,not_encoded
pair_17,0,sink_arg,2,-0.40625,-0.515625,-0.421875,0.8571428571428571,False,not_encoded
pair_17,0,last_token,1,-0.40625,-0.515625,-0.515625,0.0,False,not_encoded
pair_17,0,sanitizer_def,1,-0.40625,-0.515625,-0.515625,0.0,False,not_encoded
pair_17,3,sink_arg,2,-0.40625,-0.515625,-0.4375,0.7142857142857143,False,not_encoded
pair_17,3,last_token,1,-0.40625,-0.515625,-0.515625,0.0,False,not_encoded
pair_17,3,sanitizer_def,1,-0.40625,-0.515625,-0.515625,0.0,False,not_encoded
pair_17,7,sink_arg,2,-0.40625,-0.515625,-0.4375,0.7142857142857143,False,encoded_and_used
pair_17,7,last_token,1,-0.40625,-0.515625,-0.515625,0.0,False,encoded_but_unused
pair_17,7,sanitizer_def,1,-0.40625,-0.515625,-0.515625,0.0,False,encoded_but_unused
pair_17,11,sink_arg,2,-0.40625,-0.515625,-0.453125,0.5714285714285714,False,encoded_and_used
pair_17,11,last_token,1,-0.40625,-0.515625,-0.5,0.14285714285714285,False,encoded_but_unused
pair_17,11,sanitizer_def,1,-0.40625,-0.515625,-0.515625,0.0,False,encoded_but_unused
pair_17,15,sink_arg,2,-0.40625,-0.515625,-0.484375,0.2857142857142857,False,encoded_but_unused
pair_17,15,last_token,1,-0.40625,-0.515625,-0.46875,0.42857142857142855,False,encoded_but_unused
pair_17,15,sanitizer_def,1,-0.40625,-0.515625,-0.515625,0.0,False,encoded_but_unused
pair_17,19,sink_arg,2,-0.40625,-0.515625,-0.5,0.14285714285714285,False,encoded_but_unused
pair_17,19,last_token,1,-0.40625,-0.515625,-0.4375,0.7142857142857143,False,encoded_and_used
pair_17,19,sanitizer_def,1,-0.40625,-0.515625,-0.515625,0.0,False,encoded_but_unused
pair_17,23,sink_arg,2,-0.40625,-0.515625,-0.5,0.14285714285714285,False,not_encoded
pair_17,23,last_token,1,-0.40625,-0.515625,-0.4375,0.7142857142857143,False,not_encoded
pair_17,23,sanitizer_def,1,-0.40625,-0.515625,-0.515625,0.0,False,not_encoded
pair_17,27,sink_arg,2,-0.40625,-0.515625,-0.515625,0.0,False,not_encoded
pair_17,27,last_token,1,-0.40625,-0.515625,-0.4375,0.7142857142857143,False,not_encoded
pair_17,27,sanitizer_def,1,-0.40625,-0.515625,-0.515625,0.0,False,not_encoded
pair_17,31,sink_arg,2,-0.40625,-0.515625,-0.515625,0.0,False,encoded_but_unused
pair_17,31,last_token,1,-0.40625,-0.515625,-0.40625,1.0,False,encoded_and_used
pair_17,31,sanitizer_def,1,-0.40625,-0.515625,-0.515625,0.0,False,encoded_but_unused
pair_18,-1,sink_arg,1,-0.21875,-0.28125,-0.28125,0.0,False,not_encoded
pair_18,-1,last_token,1,-0.21875,-0.28125,-0.28125,0.0,False,not_encoded
pair_18,-1,sanitizer_def,1,-0.21875,-0.28125,-0.28125,0.0,False,not_encoded
pair_18,0,sink_arg,1,-0.21875,-0.28125,-0.21875,1.0,False,not_encoded
pair_18,0,last_token,1,-0.21875,-0.28125,-0.265625,0.25,False,not_encoded
pair_18,0,sanitizer_def,1,-0.21875,-0.28125,-0.28125,0.0,False,not_encoded
pair_18,3,sink_arg,1,-0.21875,-0.28125,-0.21875,1.0,False,not_encoded
pair_18,3,last_token,1,-0.21875,-0.28125,-0.265625,0.25,False,not_encoded
pair_18,3,sanitizer_def,1,-0.21875,-0.28125,-0.28125,0.0,False,not_encoded
pair_18,7,sink_arg,1,-0.21875,-0.28125,-0.21875,1.0,False,encoded_and_used
pair_18,7,last_token,1,-0.21875,-0.28125,-0.265625,0.25,False,encoded_but_unused
pair_18,7,sanitizer_def,1,-0.21875,-0.28125,-0.28125,0.0,False,encoded_but_unused
pair_18,11,sink_arg,1,-0.21875,-0.28125,-0.234375,0.75,False,encoded_and_used
pair_18,11,last_token,1,-0.21875,-0.28125,-0.28125,0.0,False,encoded_but_unused
pair_18,11,sanitizer_def,1,-0.21875,-0.28125,-0.28125,0.0,False,encoded_but_unused
pair_18,15,sink_arg,1,-0.21875,-0.28125,-0.265625,0.25,False,encoded_but_unused
pair_18,15,last_token,1,-0.21875,-0.28125,-0.25,0.5,False,encoded_but_unused
pair_18,15,sanitizer_def,1,-0.21875,-0.28125,-0.28125,0.0,False,encoded_but_unused
pair_18,19,sink_arg,1,-0.21875,-0.28125,-0.28125,0.0,False,encoded_but_unused
pair_18,19,last_token,1,-0.21875,-0.28125,-0.234375,0.75,False,encoded_and_used
pair_18,19,sanitizer_def,1,-0.21875,-0.28125,-0.28125,0.0,False,encoded_but_unused
pair_18,23,sink_arg,1,-0.21875,-0.28125,-0.28125,0.0,False,not_encoded
pair_18,23,last_token,1,-0.21875,-0.28125,-0.21875,1.0,False,not_encoded
pair_18,23,sanitizer_def,1,-0.21875,-0.28125,-0.28125,0.0,False,not_encoded
pair_18,27,sink_arg,1,-0.21875,-0.28125,-0.265625,0.25,False,not_encoded
pair_18,27,last_token,1,-0.21875,-0.28125,-0.21875,1.0,False,not_encoded
pair_18,27,sanitizer_def,1,-0.21875,-0.28125,-0.28125,0.0,False,not_encoded
pair_18,31,sink_arg,1,-0.21875,-0.28125,-0.28125,0.0,False,encoded_but_unused
pair_18,31,last_token,1,-0.21875,-0.28125,-0.21875,1.0,False,encoded_and_used
pair_18,31,sanitizer_def,1,-0.21875,-0.28125,-0.28125,0.0,False,encoded_but_unused
pair_19,-1,sink_arg,1,-0.4375,-0.5156250596046448,-0.5156250596046448,0.0,False,not_encoded
pair_19,-1,last_token,1,-0.4375,-0.5156250596046448,-0.5156250596046448,0.0,False,not_encoded
pair_19,-1,sanitizer_def,1,-0.4375,-0.5156250596046448,-0.5156250596046448,0.0,False,not_encoded
pair_19,0,sink_arg,1,-0.4375,-0.5156250596046448,-0.4374999403953552,1.000000762938871,False,not_encoded
pair_19,0,last_token,1,-0.4375,-0.5156250596046448,-0.5,0.20000061035109684,False,not_encoded
pair_19,0,sanitizer_def,1,-0.4375,-0.5156250596046448,-0.5156250596046448,0.0,False,not_encoded
pair_19,3,sink_arg,1,-0.4375,-0.5156250596046448,-0.453125,0.8000001525877742,False,not_encoded
pair_19,3,last_token,1,-0.4375,-0.5156250596046448,-0.5,0.20000061035109684,False,not_encoded
pair_19,3,sanitizer_def,1,-0.4375,-0.5156250596046448,-0.5156250596046448,0.0,False,not_encoded
pair_19,7,sink_arg,1,-0.4375,-0.5156250596046448,-0.4687499403953552,0.6000010681144194,False,not_encoded
pair_19,7,last_token,1,-0.4375,-0.5156250596046448,-0.5,0.20000061035109684,False,not_encoded
pair_19,7,sanitizer_def,1,-0.4375,-0.5156250596046448,-0.5156250596046448,0.0,False,not_encoded
pair_19,11,sink_arg,1,-0.4375,-0.5156250596046448,-0.484375,0.4000004577633226,False,not_encoded
pair_19,11,last_token,1,-0.4375,-0.5156250596046448,-0.4843749403953552,0.4000012207021937,False,not_encoded
pair_19,11,sanitizer_def,1,-0.4375,-0.5156250596046448,-0.5156250596046448,0.0,False,not_encoded
pair_19,15,sink_arg,1,-0.4375,-0.5156250596046448,-0.4999999403953552,0.2000013732899679,False,encoded_but_unused
pair_19,15,last_token,1,-0.4375,-0.5156250596046448,-0.46875,0.6000003051755484,False,encoded_and_used
pair_19,15,sanitizer_def,1,-0.4375,-0.5156250596046448,-0.5156250596046448,0.0,False,encoded_but_unused
pair_19,19,sink_arg,1,-0.4375,-0.5156250596046448,-0.515625,7.62938871048835e-07,False,not_encoded
pair_19,19,last_token,1,-0.4375,-0.5156250596046448,-0.4687500596046448,0.5999995422366774,False,not_encoded
pair_19,19,sanitizer_def,1,-0.4375,-0.5156250596046448,-0.5156250596046448,0.0,False,not_encoded
pair_19,23,sink_arg,1,-0.4375,-0.5156250596046448,-0.5,0.20000061035109684,False,not_encoded
pair_19,23,last_token,1,-0.4375,-0.5156250596046448,-0.4375,1.0,False,not_encoded
pair_19,23,sanitizer_def,1,-0.4375,-0.5156250596046448,-0.5156250596046448,0.0,False,not_encoded
pair_19,27,sink_arg,1,-0.4375,-0.5156250596046448,-0.5,0.20000061035109684,False,not_encoded
pair_19,27,last_token,1,-0.4375,-0.5156250596046448,-0.4375000596046448,0.9999992370611289,False,not_encoded
pair_19,27,sanitizer_def,1,-0.4375,-0.5156250596046448,-0.5156250596046448,0.0,False,not_encoded
pair_19,31,sink_arg,1,-0.4375,-0.5156250596046448,-0.5156250596046448,0.0,False,encoded_but_unused
pair_19,31,last_token,1,-0.4375,-0.5156250596046448,-0.4375,1.0,False,encoded_and_used
pair_19,31,sanitizer_def,1,-0.4375,-0.5156250596046448,-0.5156250596046448,0.0,False,encoded_but_unused
pair_20,-1,sink_arg,2,-0.265625,-0.34375,-0.34375,0.0,False,not_encoded
pair_20,-1,last_token,1,-0.265625,-0.34375,-0.34375,0.0,False,not_encoded
pair_20,-1,sanitizer_def,1,-0.265625,-0.34375,-0.34375,0.0,False,not_encoded
pair_20,0,sink_arg,2,-0.265625,-0.34375,-0.265625,1.0,False,not_encoded
pair_20,0,last_token,1,-0.265625,-0.34375,-0.34375,0.0,False,not_encoded
pair_20,0,sanitizer_def,1,-0.265625,-0.34375,-0.34375,0.0,False,not_encoded
pair_20,3,sink_arg,2,-0.265625,-0.34375,-0.28125,0.8,False,not_encoded
pair_20,3,last_token,1,-0.265625,-0.34375,-0.34375,0.0,False,not_encoded
pair_20,3,sanitizer_def,1,-0.265625,-0.34375,-0.34375,0.0,False,not_encoded
pair_20,7,sink_arg,2,-0.265625,-0.34375,-0.296875,0.6,False,not_encoded
pair_20,7,last_token,1,-0.265625,-0.34375,-0.34375,0.0,False,not_encoded
pair_20,7,sanitizer_def,1,-0.265625,-0.34375,-0.34375,0.0,False,not_encoded
pair_20,11,sink_arg,2,-0.265625,-0.34375,-0.359375,-0.2,False,not_encoded
pair_20,11,last_token,1,-0.265625,-0.34375,-0.328125,0.2,False,not_encoded
pair_20,11,sanitizer_def,1,-0.265625,-0.34375,-0.34375,0.0,False,not_encoded
pair_20,15,sink_arg,2,-0.265625,-0.34375,-0.34375,0.0,False,not_encoded
pair_20,15,last_token,1,-0.265625,-0.34375,-0.34375,0.0,False,not_encoded
pair_20,15,sanitizer_def,1,-0.265625,-0.34375,-0.34375,0.0,False,not_encoded
pair_20,19,sink_arg,2,-0.265625,-0.34375,-0.34375,0.0,False,not_encoded
pair_20,19,last_token,1,-0.265625,-0.34375,-0.3125,0.4,False,not_encoded
pair_20,19,sanitizer_def,1,-0.265625,-0.34375,-0.34375,0.0,False,not_encoded
pair_20,23,sink_arg,2,-0.265625,-0.34375,-0.34375,0.0,False,not_encoded
pair_20,23,last_token,1,-0.265625,-0.34375,-0.296875,0.6,False,not_encoded
pair_20,23,sanitizer_def,1,-0.265625,-0.34375,-0.34375,0.0,False,not_encoded
pair_20,27,sink_arg,2,-0.265625,-0.34375,-0.34375,0.0,False,not_encoded
pair_20,27,last_token,1,-0.265625,-0.34375,-0.28125,0.8,False,not_encoded
pair_20,27,sanitizer_def,1,-0.265625,-0.34375,-0.34375,0.0,False,not_encoded
pair_20,31,sink_arg,2,-0.265625,-0.34375,-0.34375,0.0,False,not_encoded
pair_20,31,last_token,1,-0.265625,-0.34375,-0.265625,1.0,False,not_encoded
pair_20,31,sanitizer_def,1,-0.265625,-0.34375,-0.34375,0.0,False,not_encoded
pair_21,-1,sink_arg,2,-0.34375,-0.46875,-0.46875,0.0,False,not_encoded
pair_21,-1,last_token,1,-0.34375,-0.46875,-0.46875,0.0,False,not_encoded
pair_21,-1,sanitizer_def,1,-0.34375,-0.46875,-0.46875,0.0,False,not_encoded
pair_21,0,sink_arg,2,-0.34375,-0.46875,-0.34375,1.0,False,not_encoded
pair_21,0,last_token,1,-0.34375,-0.46875,-0.46875,0.0,False,not_encoded
pair_21,0,sanitizer_def,1,-0.34375,-0.46875,-0.46875,0.0,False,not_encoded
pair_21,3,sink_arg,2,-0.34375,-0.46875,-0.34375,1.0,False,not_encoded
pair_21,3,last_token,1,-0.34375,-0.46875,-0.46875,0.0,False,not_encoded
pair_21,3,sanitizer_def,1,-0.34375,-0.46875,-0.46875,0.0,False,not_encoded
pair_21,7,sink_arg,2,-0.34375,-0.46875,-0.375,0.75,False,encoded_and_used
pair_21,7,last_token,1,-0.34375,-0.46875,-0.46875,0.0,False,encoded_but_unused
pair_21,7,sanitizer_def,1,-0.34375,-0.46875,-0.46875,0.0,False,encoded_but_unused
pair_21,11,sink_arg,2,-0.34375,-0.46875,-0.390625,0.625,False,encoded_and_used
pair_21,11,last_token,1,-0.34375,-0.46875,-0.46875,0.0,False,encoded_but_unused
pair_21,11,sanitizer_def,1,-0.34375,-0.46875,-0.46875,0.0,False,encoded_but_unused
pair_21,15,sink_arg,2,-0.34375,-0.46875,-0.4375,0.25,False,not_encoded
pair_21,15,last_token,1,-0.34375,-0.46875,-0.4375,0.25,False,not_encoded
pair_21,15,sanitizer_def,1,-0.34375,-0.46875,-0.46875,0.0,False,not_encoded
pair_21,19,sink_arg,2,-0.34375,-0.46875,-0.453125,0.125,False,encoded_but_unused
pair_21,19,last_token,1,-0.34375,-0.46875,-0.359375,0.875,False,encoded_and_used
pair_21,19,sanitizer_def,1,-0.34375,-0.46875,-0.46875,0.0,False,encoded_but_unused
pair_21,23,sink_arg,2,-0.34375,-0.46875,-0.46875,0.0,False,encoded_but_unused
pair_21,23,last_token,1,-0.34375,-0.46875,-0.359375,0.875,False,encoded_and_used
pair_21,23,sanitizer_def,1,-0.34375,-0.46875,-0.46875,0.0,False,encoded_but_unused
pair_21,27,sink_arg,2,-0.34375,-0.46875,-0.453125,0.125,False,not_encoded
pair_21,27,last_token,1,-0.34375,-0.46875,-0.375,0.75,False,not_encoded
pair_21,27,sanitizer_def,1,-0.34375,-0.46875,-0.46875,0.0,False,not_encoded
pair_21,31,sink_arg,2,-0.34375,-0.46875,-0.46875,0.0,False,encoded_but_unused
pair_21,31,last_token,1,-0.34375,-0.46875,-0.34375,1.0,False,encoded_and_used
pair_21,31,sanitizer_def,1,-0.34375,-0.46875,-0.46875,0.0,False,encoded_but_unused
pair_22,-1,sink_arg,1,-0.453125,-0.53125,-0.53125,0.0,False,not_encoded
pair_22,-1,last_token,1,-0.453125,-0.53125,-0.53125,0.0,False,not_encoded
pair_22,-1,sanitizer_def,1,-0.453125,-0.53125,-0.53125,0.0,False,not_encoded
pair_22,0,sink_arg,1,-0.453125,-0.53125,-0.46875,0.8,False,not_encoded
pair_22,0,last_token,1,-0.453125,-0.53125,-0.53125,0.0,False,not_encoded
pair_22,0,sanitizer_def,1,-0.453125,-0.53125,-0.53125,0.0,False,not_encoded
pair_22,3,sink_arg,1,-0.453125,-0.53125,-0.453125,1.0,False,not_encoded
pair_22,3,last_token,1,-0.453125,-0.53125,-0.515625,0.2,False,not_encoded
pair_22,3,sanitizer_def,1,-0.453125,-0.53125,-0.53125,0.0,False,not_encoded
pair_22,7,sink_arg,1,-0.453125,-0.53125,-0.46875,0.8,False,encoded_and_used
pair_22,7,last_token,1,-0.453125,-0.53125,-0.515625,0.2,False,encoded_but_unused
pair_22,7,sanitizer_def,1,-0.453125,-0.53125,-0.53125,0.0,False,encoded_but_unused
pair_22,11,sink_arg,1,-0.453125,-0.53125,-0.515625,0.2,False,encoded_but_unused
pair_22,11,last_token,1,-0.453125,-0.53125,-0.515625,0.2,False,encoded_but_unused
pair_22,11,sanitizer_def,1,-0.453125,-0.53125,-0.53125,0.0,False,encoded_but_unused
pair_22,15,sink_arg,1,-0.453125,-0.53125,-0.515625,0.2,False,not_encoded
pair_22,15,last_token,1,-0.453125,-0.53125,-0.5,0.4,False,not_encoded
pair_22,15,sanitizer_def,1,-0.453125,-0.53125,-0.53125,0.0,False,not_encoded
pair_22,19,sink_arg,1,-0.453125,-0.53125,-0.53125,0.0,False,not_encoded
pair_22,19,last_token,1,-0.453125,-0.53125,-0.46875,0.8,False,not_encoded
pair_22,19,sanitizer_def,1,-0.453125,-0.53125,-0.53125,0.0,False,not_encoded
pair_22,23,sink_arg,1,-0.453125,-0.53125,-0.53125,0.0,False,encoded_but_unused
pair_22,23,last_token,1,-0.453125,-0.53125,-0.46875,0.8,False,encoded_and_used
pair_22,23,sanitizer_def,1,-0.453125,-0.53125,-0.53125,0.0,False,encoded_but_unused
pair_22,27,sink_arg,1,-0.453125,-0.53125,-0.53125,0.0,False,encoded_but_unused
pair_22,27,last_token,1,-0.453125,-0.53125,-0.484375,0.6,False,encoded_and_used
pair_22,27,sanitizer_def,1,-0.453125,-0.53125,-0.53125,0.0,False,encoded_but_unused
pair_22,31,sink_arg,1,-0.453125,-0.53125,-0.53125,0.0,False,encoded_but_unused
pair_22,31,last_token,1,-0.453125,-0.53125,-0.453125,1.0,False,encoded_and_used
pair_22,31,sanitizer_def,1,-0.453125,-0.53125,-0.53125,0.0,False,encoded_but_unused
pair_23,-1,sink_arg,2,-0.34375,-0.453125,-0.453125,0.0,False,not_encoded
pair_23,-1,last_token,1,-0.34375,-0.453125,-0.453125,0.0,False,not_encoded
pair_23,-1,sanitizer_def,1,-0.34375,-0.453125,-0.453125,0.0,False,not_encoded
pair_23,0,sink_arg,2,-0.34375,-0.453125,-0.34375,1.0,False,not_encoded
pair_23,0,last_token,1,-0.34375,-0.453125,-0.453125,0.0,False,not_encoded
pair_23,0,sanitizer_def,1,-0.34375,-0.453125,-0.453125,0.0,False,not_encoded
pair_23,3,sink_arg,2,-0.34375,-0.453125,-0.34375,1.0,False,not_encoded
pair_23,3,last_token,1,-0.34375,-0.453125,-0.4375,0.14285714285714285,False,not_encoded
pair_23,3,sanitizer_def,1,-0.34375,-0.453125,-0.453125,0.0,False,not_encoded
pair_23,7,sink_arg,2,-0.34375,-0.453125,-0.34375,1.0,False,encoded_and_used
pair_23,7,last_token,1,-0.34375,-0.453125,-0.4375,0.14285714285714285,False,encoded_but_unused
pair_23,7,sanitizer_def,1,-0.34375,-0.453125,-0.453125,0.0,False,encoded_but_unused
pair_23,11,sink_arg,2,-0.34375,-0.453125,-0.34375,1.0,False,encoded_and_used
pair_23,11,last_token,1,-0.34375,-0.453125,-0.421875,0.2857142857142857,False,encoded_but_unused
pair_23,11,sanitizer_def,1,-0.34375,-0.453125,-0.453125,0.0,False,encoded_but_unused
pair_23,15,sink_arg,2,-0.34375,-0.453125,-0.390625,0.5714285714285714,False,encoded_and_used
pair_23,15,last_token,1,-0.34375,-0.453125,-0.421875,0.2857142857142857,False,encoded_but_unused
pair_23,15,sanitizer_def,1,-0.34375,-0.453125,-0.453125,0.0,False,encoded_but_unused
pair_23,19,sink_arg,2,-0.34375,-0.453125,-0.453125,0.0,False,encoded_but_unused
pair_23,19,last_token,1,-0.34375,-0.453125,-0.375,0.7142857142857143,False,encoded_and_used
pair_23,19,sanitizer_def,1,-0.34375,-0.453125,-0.453125,0.0,False,encoded_but_unused
pair_23,23,sink_arg,2,-0.34375,-0.453125,-0.453125,0.0,False,not_encoded
pair_23,23,last_token,1,-0.34375,-0.453125,-0.359375,0.8571428571428571,False,not_encoded
pair_23,23,sanitizer_def,1,-0.34375,-0.453125,-0.453125,0.0,False,not_encoded
pair_23,27,sink_arg,2,-0.34375,-0.453125,-0.4375,0.14285714285714285,False,not_encoded
pair_23,27,last_token,1,-0.34375,-0.453125,-0.359375,0.8571428571428571,False,not_encoded
pair_23,27,sanitizer_def,1,-0.34375,-0.453125,-0.453125,0.0,False,not_encoded
pair_23,31,sink_arg,2,-0.34375,-0.453125,-0.453125,0.0,False,not_encoded
pair_23,31,last_token,1,-0.34375,-0.453125,-0.34375,1.0,False,not_encoded
pair_23,31,sanitizer_def,1,-0.34375,-0.453125,-0.453125,0.0,False,not_encoded
pair_24,-1,sink_arg,1,-0.359375,-0.4375,-0.4375,0.0,False,not_encoded
pair_24,-1,last_token,1,-0.359375,-0.4375,-0.4375,0.0,False,not_encoded
pair_24,-1,sanitizer_def,1,-0.359375,-0.4375,-0.4375,0.0,False,not_encoded
pair_24,0,sink_arg,1,-0.359375,-0.4375,-0.34375,1.2,False,not_encoded
pair_24,0,last_token,1,-0.359375,-0.4375,-0.4375,0.0,False,not_encoded
pair_24,0,sanitizer_def,1,-0.359375,-0.4375,-0.4375,0.0,False,not_encoded
pair_24,3,sink_arg,1,-0.359375,-0.4375,-0.359375,1.0,False,not_encoded
pair_24,3,last_token,1,-0.359375,-0.4375,-0.4375,0.0,False,not_encoded
pair_24,3,sanitizer_def,1,-0.359375,-0.4375,-0.4375,0.0,False,not_encoded
pair_24,7,sink_arg,1,-0.359375,-0.4375,-0.375,0.8,False,encoded_and_used
pair_24,7,last_token,1,-0.359375,-0.4375,-0.421875,0.2,False,encoded_but_unused
pair_24,7,sanitizer_def,1,-0.359375,-0.4375,-0.4375,0.0,False,encoded_but_unused
pair_24,11,sink_arg,1,-0.359375,-0.4375,-0.375,0.8,False,encoded_and_used
pair_24,11,last_token,1,-0.359375,-0.4375,-0.421875,0.2,False,encoded_but_unused
pair_24,11,sanitizer_def,1,-0.359375,-0.4375,-0.4375,0.0,False,encoded_but_unused
pair_24,15,sink_arg,1,-0.359375,-0.4375,-0.421875,0.2,False,not_encoded
pair_24,15,last_token,1,-0.359375,-0.4375,-0.375,0.8,False,not_encoded
pair_24,15,sanitizer_def,1,-0.359375,-0.4375,-0.4375,0.0,False,not_encoded
pair_24,19,sink_arg,1,-0.359375,-0.4375,-0.4375,0.0,False,encoded_but_unused
pair_24,19,last_token,1,-0.359375,-0.4375,-0.375,0.8,False,encoded_and_used
pair_24,19,sanitizer_def,1,-0.359375,-0.4375,-0.4375,0.0,False,encoded_but_unused
pair_24,23,sink_arg,1,-0.359375,-0.4375,-0.4375,0.0,False,encoded_but_unused
pair_24,23,last_token,1,-0.359375,-0.4375,-0.375,0.8,False,encoded_and_used
pair_24,23,sanitizer_def,1,-0.359375,-0.4375,-0.4375,0.0,False,encoded_but_unused
pair_24,27,sink_arg,1,-0.359375,-0.4375,-0.421875,0.2,False,not_encoded
pair_24,27,last_token,1,-0.359375,-0.4375,-0.359375,1.0,False,not_encoded
pair_24,27,sanitizer_def,1,-0.359375,-0.4375,-0.4375,0.0,False,not_encoded
pair_24,31,sink_arg,1,-0.359375,-0.4375,-0.4375,0.0,False,not_encoded
pair_24,31,last_token,1,-0.359375,-0.4375,-0.359375,1.0,False,not_encoded
pair_24,31,sanitizer_def,1,-0.359375,-0.4375,-0.4375,0.0,False,not_encoded
pair_25,-1,sink_arg,1,-0.484375,-0.546875,-0.546875,0.0,False,not_encoded
pair_25,-1,last_token,1,-0.484375,-0.546875,-0.546875,0.0,False,not_encoded
pair_25,-1,sanitizer_def,1,-0.484375,-0.546875,-0.546875,0.0,False,not_encoded
pair_25,0,sink_arg,1,-0.484375,-0.546875,-0.484375,1.0,False,not_encoded
pair_25,0,last_token,1,-0.484375,-0.546875,-0.5468749403953552,9.5367431640625e-07,False,not_encoded
pair_25,0,sanitizer_def,1,-0.484375,-0.546875,-0.546875,0.0,False,not_encoded
pair_25,3,sink_arg,1,-0.484375,-0.546875,-0.4687499403953552,1.2500009536743164,False,not_encoded
pair_25,3,last_token,1,-0.484375,-0.546875,-0.5468750596046448,-9.5367431640625e-07,False,not_encoded
pair_25,3,sanitizer_def,1,-0.484375,-0.546875,-0.546875,0.0,False,not_encoded
pair_25,7,sink_arg,1,-0.484375,-0.546875,-0.515625,0.5,False,not_encoded
pair_25,7,last_token,1,-0.484375,-0.546875,-0.5468750596046448,-9.5367431640625e-07,False,not_encoded
pair_25,7,sanitizer_def,1,-0.484375,-0.546875,-0.546875,0.0,False,not_encoded
pair_25,11,sink_arg,1,-0.484375,-0.546875,-0.53125,0.25,False,not_encoded
pair_25,11,last_token,1,-0.484375,-0.546875,-0.53125,0.25,False,not_encoded
pair_25,11,sanitizer_def,1,-0.484375,-0.546875,-0.546875,0.0,False,not_encoded
pair_25,15,sink_arg,1,-0.484375,-0.546875,-0.53125,0.25,False,encoded_but_unused
pair_25,15,last_token,1,-0.484375,-0.546875,-0.5312499403953552,0.2500009536743164,False,encoded_but_unused
pair_25,15,sanitizer_def,1,-0.484375,-0.546875,-0.546875,0.0,False,encoded_but_unused
pair_25,19,sink_arg,1,-0.484375,-0.546875,-0.546875,0.0,False,encoded_but_unused
pair_25,19,last_token,1,-0.484375,-0.546875,-0.5,0.75,False,encoded_and_used
pair_25,19,sanitizer_def,1,-0.484375,-0.546875,-0.546875,0.0,False,encoded_but_unused
pair_25,23,sink_arg,1,-0.484375,-0.546875,-0.5468750596046448,-9.5367431640625e-07,False,not_encoded
pair_25,23,last_token,1,-0.484375,-0.546875,-0.484375,1.0,False,not_encoded
pair_25,23,sanitizer_def,1,-0.484375,-0.546875,-0.546875,0.0,False,not_encoded
pair_25,27,sink_arg,1,-0.484375,-0.546875,-0.546875,0.0,False,not_encoded
pair_25,27,last_token,1,-0.484375,-0.546875,-0.484375,1.0,False,not_encoded
pair_25,27,sanitizer_def,1,-0.484375,-0.546875,-0.546875,0.0,False,not_encoded
pair_25,31,sink_arg,1,-0.484375,-0.546875,-0.546875,0.0,False,encoded_but_unused
pair_25,31,last_token,1,-0.484375,-0.546875,-0.484375,1.0,False,encoded_and_used
pair_25,31,sanitizer_def,1,-0.484375,-0.546875,-0.546875,0.0,False,encoded_but_unused
pair_26,-1,sink_arg,2,-0.390625,-0.515625,-0.515625,0.0,False,not_encoded
pair_26,-1,last_token,1,-0.390625,-0.515625,-0.515625,0.0,False,not_encoded
pair_26,-1,sanitizer_def,1,-0.390625,-0.515625,-0.515625,0.0,False,not_encoded
pair_26,0,sink_arg,2,-0.390625,-0.515625,-0.390625,1.0,False,not_encoded
pair_26,0,last_token,1,-0.390625,-0.515625,-0.515625,0.0,False,not_encoded
pair_26,0,sanitizer_def,1,-0.390625,-0.515625,-0.515625,0.0,False,not_encoded
pair_26,3,sink_arg,2,-0.390625,-0.515625,-0.40625,0.875,False,not_encoded
pair_26,3,last_token,1,-0.390625,-0.515625,-0.515625,0.0,False,not_encoded
pair_26,3,sanitizer_def,1,-0.390625,-0.515625,-0.515625,0.0,False,not_encoded
pair_26,7,sink_arg,2,-0.390625,-0.515625,-0.421875,0.75,False,encoded_and_used
pair_26,7,last_token,1,-0.390625,-0.515625,-0.515625,0.0,False,encoded_but_unused
pair_26,7,sanitizer_def,1,-0.390625,-0.515625,-0.515625,0.0,False,encoded_but_unused
pair_26,11,sink_arg,2,-0.390625,-0.515625,-0.4374999403953552,0.6250004768371582,False,encoded_and_used
pair_26,11,last_token,1,-0.390625,-0.515625,-0.515625,0.0,False,encoded_but_unused
pair_26,11,sanitizer_def,1,-0.390625,-0.515625,-0.515625,0.0,False,encoded_but_unused
pair_26,15,sink_arg,2,-0.390625,-0.515625,-0.5,0.125,False,encoded_but_unused
pair_26,15,last_token,1,-0.390625,-0.515625,-0.484375,0.25,False,encoded_but_unused
pair_26,15,sanitizer_def,1,-0.390625,-0.515625,-0.515625,0.0,False,encoded_but_unused
pair_26,19,sink_arg,2,-0.390625,-0.515625,-0.515625,0.0,False,encoded_but_unused
pair_26,19,last_token,1,-0.390625,-0.515625,-0.4375,0.625,False,encoded_and_used
pair_26,19,sanitizer_def,1,-0.390625,-0.515625,-0.515625,0.0,False,encoded_but_unused
pair_26,23,sink_arg,2,-0.390625,-0.515625,-0.5,0.125,False,not_encoded
pair_26,23,last_token,1,-0.390625,-0.515625,-0.421875,0.75,False,not_encoded
pair_26,23,sanitizer_def,1,-0.390625,-0.515625,-0.515625,0.0,False,not_encoded
pair_26,27,sink_arg,2,-0.390625,-0.515625,-0.4999999403953552,0.1250004768371582,False,not_encoded
pair_26,27,last_token,1,-0.390625,-0.515625,-0.40625,0.875,False,not_encoded
pair_26,27,sanitizer_def,1,-0.390625,-0.515625,-0.515625,0.0,False,not_encoded
pair_26,31,sink_arg,2,-0.390625,-0.515625,-0.515625,0.0,False,encoded_but_unused
pair_26,31,last_token,1,-0.390625,-0.515625,-0.390625,1.0,False,encoded_and_used
pair_26,31,sanitizer_def,1,-0.390625,-0.515625,-0.515625,0.0,False,encoded_but_unused
pair_27,-1,sink_arg,2,-0.21875,-0.328125,-0.328125,0.0,False,not_encoded
pair_27,-1,last_token,1,-0.21875,-0.328125,-0.328125,0.0,False,not_encoded
pair_27,-1,sanitizer_def,1,-0.21875,-0.328125,-0.328125,0.0,False,not_encoded
pair_27,0,sink_arg,2,-0.21875,-0.328125,-0.234375,0.8571428571428571,False,not_encoded
pair_27,0,last_token,1,-0.21875,-0.328125,-0.34375,-0.14285714285714285,False,not_encoded
pair_27,0,sanitizer_def,1,-0.21875,-0.328125,-0.328125,0.0,False,not_encoded
pair_27,3,sink_arg,2,-0.21875,-0.328125,-0.21875,1.0,False,not_encoded
pair_27,3,last_token,1,-0.21875,-0.328125,-0.328125,0.0,False,not_encoded
pair_27,3,sanitizer_def,1,-0.21875,-0.328125,-0.328125,0.0,False,not_encoded
pair_27,7,sink_arg,2,-0.21875,-0.328125,-0.234375,0.8571428571428571,False,encoded_and_used
pair_27,7,last_token,1,-0.21875,-0.328125,-0.328125,0.0,False,encoded_but_unused
pair_27,7,sanitizer_def,1,-0.21875,-0.328125,-0.328125,0.0,False,encoded_but_unused
pair_27,11,sink_arg,2,-0.21875,-0.328125,-0.296875,0.2857142857142857,False,not_encoded
pair_27,11,last_token,1,-0.21875,-0.328125,-0.328125,0.0,False,not_encoded
pair_27,11,sanitizer_def,1,-0.21875,-0.328125,-0.328125,0.0,False,not_encoded
pair_27,15,sink_arg,2,-0.21875,-0.328125,-0.3125,0.14285714285714285,False,encoded_but_unused
pair_27,15,last_token,1,-0.21875,-0.328125,-0.328125,0.0,False,encoded_but_unused
pair_27,15,sanitizer_def,1,-0.21875,-0.328125,-0.328125,0.0,False,encoded_but_unused
pair_27,19,sink_arg,2,-0.21875,-0.328125,-0.328125,0.0,False,not_encoded
pair_27,19,last_token,1,-0.21875,-0.328125,-0.234375,0.8571428571428571,False,not_encoded
pair_27,19,sanitizer_def,1,-0.21875,-0.328125,-0.328125,0.0,False,not_encoded
pair_27,23,sink_arg,2,-0.21875,-0.328125,-0.328125,0.0,False,not_encoded
pair_27,23,last_token,1,-0.21875,-0.328125,-0.21875,1.0,False,not_encoded
pair_27,23,sanitizer_def,1,-0.21875,-0.328125,-0.328125,0.0,False,not_encoded
pair_27,27,sink_arg,2,-0.21875,-0.328125,-0.328125,0.0,False,not_encoded
pair_27,27,last_token,1,-0.21875,-0.328125,-0.21875,1.0,False,not_encoded
pair_27,27,sanitizer_def,1,-0.21875,-0.328125,-0.328125,0.0,False,not_encoded
pair_27,31,sink_arg,2,-0.21875,-0.328125,-0.328125,0.0,False,encoded_but_unused
pair_27,31,last_token,1,-0.21875,-0.328125,-0.21875,1.0,False,encoded_and_used
pair_27,31,sanitizer_def,1,-0.21875,-0.328125,-0.328125,0.0,False,encoded_but_unused
pair_28,-1,sink_arg,1,-0.34375,-0.390625,-0.390625,0.0,False,not_encoded
pair_28,-1,last_token,1,-0.34375,-0.390625,-0.390625,0.0,False,not_encoded
pair_28,-1,sanitizer_def,1,-0.34375,-0.390625,-0.390625,0.0,False,not_encoded
pair_28,0,sink_arg,1,-0.34375,-0.390625,-0.34375,1.0,False,not_encoded
pair_28,0,last_token,1,-0.34375,-0.390625,-0.3906249403953552,1.2715657552083333e-06,False,not_encoded
pair_28,0,sanitizer_def,1,-0.34375,-0.390625,-0.390625,0.0,False,not_encoded
pair_28,3,sink_arg,1,-0.34375,-0.390625,-0.359375,0.6666666666666666,False,not_encoded
pair_28,3,last_token,1,-0.34375,-0.390625,-0.390625,0.0,False,not_encoded
pair_28,3,sanitizer_def,1,-0.34375,-0.390625,-0.390625,0.0,False,not_encoded
pair_28,7,sink_arg,1,-0.34375,-0.390625,-0.375,0.3333333333333333,False,encoded_but_unused
pair_28,7,last_token,1,-0.34375,-0.390625,-0.375,0.3333333333333333,False,encoded_but_unused
pair_28,7,sanitizer_def,1,-0.34375,-0.390625,-0.390625,0.0,False,encoded_but_unused
pair_28,11,sink_arg,1,-0.34375,-0.390625,-0.390625,0.0,False,encoded_but_unused
pair_28,11,last_token,1,-0.34375,-0.390625,-0.3750000596046448,0.3333320617675781,False,encoded_but_unused
pair_28,11,sanitizer_def,1,-0.34375,-0.390625,-0.390625,0.0,False,encoded_but_unused
pair_28,15,sink_arg,1,-0.34375,-0.390625,-0.3750000596046448,0.3333320617675781,False,not_encoded
pair_28,15,last_token,1,-0.34375,-0.390625,-0.359375,0.6666666666666666,False,not_encoded
pair_28,15,sanitizer_def,1,-0.34375,-0.390625,-0.390625,0.0,False,not_encoded
pair_28,19,sink_arg,1,-0.34375,-0.390625,-0.375,0.3333333333333333,False,encoded_but_unused
pair_28,19,last_token,1,-0.34375,-0.390625,-0.390625,0.0,False,encoded_but_unused
pair_28,19,sanitizer_def,1,-0.34375,-0.390625,-0.390625,0.0,False,encoded_but_unused
pair_28,23,sink_arg,1,-0.34375,-0.390625,-0.375,0.3333333333333333,False,encoded_but_unused
pair_28,23,last_token,1,-0.34375,-0.390625,-0.3750000596046448,0.3333320617675781,False,encoded_but_unused
pair_28,23,sanitizer_def,1,-0.34375,-0.390625,-0.390625,0.0,False,encoded_but_unused
pair_28,27,sink_arg,1,-0.34375,-0.390625,-0.375,0.3333333333333333,False,not_encoded
pair_28,27,last_token,1,-0.34375,-0.390625,-0.3749999403953552,0.33333460489908856,False,not_encoded
pair_28,27,sanitizer_def,1,-0.34375,-0.390625,-0.390625,0.0,False,not_encoded
pair_28,31,sink_arg,1,-0.34375,-0.390625,-0.390625,0.0,False,encoded_but_unused
pair_28,31,last_token,1,-0.34375,-0.390625,-0.34375,1.0,False,encoded_and_used
pair_28,31,sanitizer_def,1,-0.34375,-0.390625,-0.390625,0.0,False,encoded_but_unused
pair_29,-1,sink_arg,2,-0.515625,-0.625,-0.625,0.0,False,not_encoded
pair_29,-1,last_token,1,-0.515625,-0.625,-0.625,0.0,False,not_encoded
pair_29,-1,sanitizer_def,1,-0.515625,-0.625,-0.625,0.0,False,not_encoded
pair_29,0,sink_arg,2,-0.515625,-0.625,-0.515625,1.0,False,not_encoded
pair_29,0,last_token,1,-0.515625,-0.625,-0.640625,-0.14285714285714285,False,not_encoded
pair_29,0,sanitizer_def,1,-0.515625,-0.625,-0.625,0.0,False,not_encoded
pair_29,3,sink_arg,2,-0.515625,-0.625,-0.53125,0.8571428571428571,False,not_encoded
pair_29,3,last_token,1,-0.515625,-0.625,-0.640625,-0.14285714285714285,False,not_encoded
pair_29,3,sanitizer_def,1,-0.515625,-0.625,-0.625,0.0,False,not_encoded
pair_29,7,sink_arg,2,-0.515625,-0.625,-0.546875,0.7142857142857143,False,encoded_and_used
pair_29,7,last_token,1,-0.515625,-0.625,-0.625,0.0,False,encoded_but_unused
pair_29,7,sanitizer_def,1,-0.515625,-0.625,-0.625,0.0,False,encoded_but_unused
pair_29,11,sink_arg,2,-0.515625,-0.625,-0.578125,0.42857142857142855,False,encoded_but_unused
pair_29,11,last_token,1,-0.515625,-0.625,-0.609375,0.14285714285714285,False,encoded_but_unused
pair_29,11,sanitizer_def,1,-0.515625,-0.625,-0.625,0.0,False,encoded_but_unused
pair_29,15,sink_arg,2,-0.515625,-0.625,-0.59375,0.2857142857142857,False,encoded_but_unused
pair_29,15,last_token,1,-0.515625,-0.625,-0.59375,0.2857142857142857,False,encoded_but_unused
pair_29,15,sanitizer_def,1,-0.515625,-0.625,-0.625,0.0,False,encoded_but_unused
pair_29,19,sink_arg,2,-0.515625,-0.625,-0.625,0.0,False,encoded_but_unused
pair_29,19,last_token,1,-0.515625,-0.625,-0.5625,0.5714285714285714,False,encoded_and_used
pair_29,19,sanitizer_def,1,-0.515625,-0.625,-0.625,0.0,False,encoded_but_unused
pair_29,23,sink_arg,2,-0.515625,-0.625,-0.625,0.0,False,encoded_but_unused
pair_29,23,last_token,1,-0.515625,-0.625,-0.546875,0.7142857142857143,False,encoded_and_used
pair_29,23,sanitizer_def,1,-0.515625,-0.625,-0.625,0.0,False,encoded_but_unused
pair_29,27,sink_arg,2,-0.515625,-0.625,-0.625,0.0,False,encoded_but_unused
pair_29,27,last_token,1,-0.515625,-0.625,-0.546875,0.7142857142857143,False,encoded_and_used
pair_29,27,sanitizer_def,1,-0.515625,-0.625,-0.625,0.0,False,encoded_but_unused
pair_29,31,sink_arg,2,-0.515625,-0.625,-0.625,0.0,False,not_encoded
pair_29,31,last_token,1,-0.515625,-0.625,-0.515625,1.0,False,not_encoded
pair_29,31,sanitizer_def,1,-0.515625,-0.625,-0.625,0.0,False,not_encoded
pair_30,-1,sink_arg,1,-0.40625,-0.484375,-0.484375,0.0,False,not_encoded
pair_30,-1,last_token,1,-0.40625,-0.484375,-0.484375,0.0,False,not_encoded
pair_30,-1,sanitizer_def,1,-0.40625,-0.484375,-0.484375,0.0,False,not_encoded
pair_30,0,sink_arg,1,-0.40625,-0.484375,-0.390625,1.2,False,encoded_and_used
pair_30,0,last_token,1,-0.40625,-0.484375,-0.5,-0.2,False,encoded_but_unused
pair_30,0,sanitizer_def,1,-0.40625,-0.484375,-0.484375,0.0,False,encoded_but_unused
pair_30,3,sink_arg,1,-0.40625,-0.484375,-0.40625,1.0,False,not_encoded
pair_30,3,last_token,1,-0.40625,-0.484375,-0.484375,0.0,False,not_encoded
pair_30,3,sanitizer_def,1,-0.40625,-0.484375,-0.484375,0.0,False,not_encoded
pair_30,7,sink_arg,1,-0.40625,-0.484375,-0.4375,0.6,False,not_encoded
pair_30,7,last_token,1,-0.40625,-0.484375,-0.46875,0.2,False,not_encoded
pair_30,7,sanitizer_def,1,-0.40625,-0.484375,-0.484375,0.0,False,not_encoded
pair_30,11,sink_arg,1,-0.40625,-0.484375,-0.453125,0.4,False,encoded_but_unused
pair_30,11,last_token,1,-0.40625,-0.484375,-0.46875,0.2,False,encoded_but_unused
pair_30,11,sanitizer_def,1,-0.40625,-0.484375,-0.484375,0.0,False,encoded_but_unused
pair_30,15,sink_arg,1,-0.40625,-0.484375,-0.484375,0.0,False,encoded_but_unused
pair_30,15,last_token,1,-0.40625,-0.484375,-0.4375,0.6,False,encoded_and_used
pair_30,15,sanitizer_def,1,-0.40625,-0.484375,-0.484375,0.0,False,encoded_but_unused
pair_30,19,sink_arg,1,-0.40625,-0.484375,-0.484375,0.0,False,not_encoded
pair_30,19,last_token,1,-0.40625,-0.484375,-0.421875,0.8,False,not_encoded
pair_30,19,sanitizer_def,1,-0.40625,-0.484375,-0.484375,0.0,False,not_encoded
pair_30,23,sink_arg,1,-0.40625,-0.484375,-0.46875,0.2,False,not_encoded
pair_30,23,last_token,1,-0.40625,-0.484375,-0.421875,0.8,False,not_encoded
pair_30,23,sanitizer_def,1,-0.40625,-0.484375,-0.484375,0.0,False,not_encoded
pair_30,27,sink_arg,1,-0.40625,-0.484375,-0.484375,0.0,False,not_encoded
pair_30,27,last_token,1,-0.40625,-0.484375,-0.40625,1.0,False,not_encoded
pair_30,27,sanitizer_def,1,-0.40625,-0.484375,-0.484375,0.0,False,not_encoded
pair_30,31,sink_arg,1,-0.40625,-0.484375,-0.484375,0.0,False,encoded_but_unused
pair_30,31,last_token,1,-0.40625,-0.484375,-0.40625,1.0,False,encoded_and_used
pair_30,31,sanitizer_def,1,-0.40625,-0.484375,-0.484375,0.0,False,encoded_but_unused
pair_31,-1,sink_arg,2,-0.1875,-0.328125,-0.328125,0.0,False,not_encoded
pair_31,-1,last_token,1,-0.1875,-0.328125,-0.328125,0.0,False,not_encoded
pair_31,-1,sanitizer_def,1,-0.1875,-0.328125,-0.328125,0.0,False,not_encoded
pair_31,0,sink_arg,2,-0.1875,-0.328125,-0.203125,0.8888888888888888,False,not_encoded
pair_31,0,last_token,1,-0.1875,-0.328125,-0.3125,0.1111111111111111,False,not_encoded
pair_31,0,sanitizer_def,1,-0.1875,-0.328125,-0.328125,0.0,False,not_encoded
pair_31,3,sink_arg,2,-0.1875,-0.328125,-0.203125,0.8888888888888888,False,not_encoded
pair_31,3,last_token,1,-0.1875,-0.328125,-0.328125,0.0,False,not_encoded
pair_31,3,sanitizer_def,1,-0.1875,-0.328125,-0.328125,0.0,False,not_encoded
pair_31,7,sink_arg,2,-0.1875,-0.328125,-0.265625,0.4444444444444444,False,not_encoded
pair_31,7,last_token,1,-0.1875,-0.328125,-0.3125,0.1111111111111111,False,not_encoded
pair_31,7,sanitizer_def,1,-0.1875,-0.328125,-0.328125,0.0,False,not_encoded
pair_31,11,sink_arg,2,-0.1875,-0.328125,-0.28125,0.3333333333333333,False,not_encoded
pair_31,11,last_token,1,-0.1875,-0.328125,-0.3125,0.1111111111111111,False,not_encoded
pair_31,11,sanitizer_def,1,-0.1875,-0.328125,-0.328125,0.0,False,not_encoded
pair_31,15,sink_arg,2,-0.1875,-0.328125,-0.3125,0.1111111111111111,False,not_encoded
pair_31,15,last_token,1,-0.1875,-0.328125,-0.296875,0.2222222222222222,False,not_encoded
pair_31,15,sanitizer_def,1,-0.1875,-0.328125,-0.328125,0.0,False,not_encoded
pair_31,19,sink_arg,2,-0.1875,-0.328125,-0.34375,-0.1111111111111111,False,not_encoded
pair_31,19,last_token,1,-0.1875,-0.328125,-0.21875,0.7777777777777778,False,not_encoded
pair_31,19,sanitizer_def,1,-0.1875,-0.328125,-0.328125,0.0,False,not_encoded
pair_31,23,sink_arg,2,-0.1875,-0.328125,-0.328125,0.0,False,not_encoded
pair_31,23,last_token,1,-0.1875,-0.328125,-0.203125,0.8888888888888888,False,not_encoded
pair_31,23,sanitizer_def,1,-0.1875,-0.328125,-0.328125,0.0,False,not_encoded
pair_31,27,sink_arg,2,-0.1875,-0.328125,-0.328125,0.0,False,not_encoded
pair_31,27,last_token,1,-0.1875,-0.328125,-0.203125,0.8888888888888888,False,not_encoded
pair_31,27,sanitizer_def,1,-0.1875,-0.328125,-0.328125,0.0,False,not_encoded
pair_31,31,sink_arg,2,-0.1875,-0.328125,-0.328125,0.0,False,not_encoded
pair_31,31,last_token,1,-0.1875,-0.328125,-0.1875,1.0,False,not_encoded
pair_31,31,sanitizer_def,1,-0.1875,-0.328125,-0.328125,0.0,False,not_encoded
pair_32,-1,sink_arg,2,-0.203125,-0.296875,-0.296875,0.0,False,not_encoded
pair_32,-1,last_token,1,-0.203125,-0.296875,-0.296875,0.0,False,not_encoded
pair_32,-1,sanitizer_def,1,-0.203125,-0.296875,-0.296875,0.0,False,not_encoded
pair_32,0,sink_arg,2,-0.203125,-0.296875,-0.203125,1.0,False,not_encoded
pair_32,0,last_token,1,-0.203125,-0.296875,-0.296875,0.0,False,not_encoded
pair_32,0,sanitizer_def,1,-0.203125,-0.296875,-0.296875,0.0,False,not_encoded
pair_32,3,sink_arg,2,-0.203125,-0.296875,-0.1875,1.1666666666666667,False,not_encoded
pair_32,3,last_token,1,-0.203125,-0.296875,-0.296875,0.0,False,not_encoded
pair_32,3,sanitizer_def,1,-0.203125,-0.296875,-0.296875,0.0,False,not_encoded
pair_32,7,sink_arg,2,-0.203125,-0.296875,-0.234375,0.6666666666666666,False,encoded_and_used
pair_32,7,last_token,1,-0.203125,-0.296875,-0.296875,0.0,False,encoded_but_unused
pair_32,7,sanitizer_def,1,-0.203125,-0.296875,-0.296875,0.0,False,encoded_but_unused
pair_32,11,sink_arg,2,-0.203125,-0.296875,-0.25,0.5,False,encoded_but_unused
pair_32,11,last_token,1,-0.203125,-0.296875,-0.296875,0.0,False,encoded_but_unused
pair_32,11,sanitizer_def,1,-0.203125,-0.296875,-0.296875,0.0,False,encoded_but_unused
pair_32,15,sink_arg,2,-0.203125,-0.296875,-0.265625,0.3333333333333333,False,encoded_but_unused
pair_32,15,last_token,1,-0.203125,-0.296875,-0.28125,0.16666666666666666,False,encoded_but_unused
pair_32,15,sanitizer_def,1,-0.203125,-0.296875,-0.296875,0.0,False,encoded_but_unused
pair_32,19,sink_arg,2,-0.203125,-0.296875,-0.296875,0.0,False,encoded_but_unused
pair_32,19,last_token,1,-0.203125,-0.296875,-0.21875,0.8333333333333334,False,encoded_and_used
pair_32,19,sanitizer_def,1,-0.203125,-0.296875,-0.296875,0.0,False,encoded_but_unused
pair_32,23,sink_arg,2,-0.203125,-0.296875,-0.296875,0.0,False,not_encoded
pair_32,23,last_token,1,-0.203125,-0.296875,-0.1875,1.1666666666666667,False,not_encoded
pair_32,23,sanitizer_def,1,-0.203125,-0.296875,-0.296875,0.0,False,not_encoded
pair_32,27,sink_arg,2,-0.203125,-0.296875,-0.296875,0.0,False,not_encoded
pair_32,27,last_token,1,-0.203125,-0.296875,-0.203125,1.0,False,not_encoded
pair_32,27,sanitizer_def,1,-0.203125,-0.296875,-0.296875,0.0,False,not_encoded
pair_32,31,sink_arg,2,-0.203125,-0.296875,-0.296875,0.0,False,encoded_but_unused
pair_32,31,last_token,1,-0.203125,-0.296875,-0.203125,1.0,False,encoded_and_used
pair_32,31,sanitizer_def,1,-0.203125,-0.296875,-0.296875,0.0,False,encoded_but_unused
pair_33,-1,sink_arg,2,-0.5,-0.59375,-0.59375,0.0,False,not_encoded
pair_33,-1,last_token,1,-0.5,-0.59375,-0.59375,0.0,False,not_encoded
pair_33,-1,sanitizer_def,1,-0.5,-0.59375,-0.59375,0.0,False,not_encoded
pair_33,0,sink_arg,2,-0.5,-0.59375,-0.484375,1.1666666666666667,False,not_encoded
pair_33,0,last_token,1,-0.5,-0.59375,-0.59375,0.0,False,not_encoded
pair_33,0,sanitizer_def,1,-0.5,-0.59375,-0.59375,0.0,False,not_encoded
pair_33,3,sink_arg,2,-0.5,-0.59375,-0.5,1.0,False,not_encoded
pair_33,3,last_token,1,-0.5,-0.59375,-0.578125,0.16666666666666666,False,not_encoded
pair_33,3,sanitizer_def,1,-0.5,-0.59375,-0.59375,0.0,False,not_encoded
pair_33,7,sink_arg,2,-0.5,-0.59375,-0.53125,0.6666666666666666,False,encoded_and_used
pair_33,7,last_token,1,-0.5,-0.59375,-0.59375,0.0,False,encoded_but_unused
pair_33,7,sanitizer_def,1,-0.5,-0.59375,-0.59375,0.0,False,encoded_but_unused
pair_33,11,sink_arg,2,-0.5,-0.59375,-0.546875,0.5,False,encoded_but_unused
pair_33,11,last_token,1,-0.5,-0.59375,-0.578125,0.16666666666666666,False,encoded_but_unused
pair_33,11,sanitizer_def,1,-0.5,-0.59375,-0.59375,0.0,False,encoded_but_unused
pair_33,15,sink_arg,2,-0.5,-0.59375,-0.5625,0.3333333333333333,False,encoded_but_unused
pair_33,15,last_token,1,-0.5,-0.59375,-0.546875,0.5,False,encoded_but_unused
pair_33,15,sanitizer_def,1,-0.5,-0.59375,-0.59375,0.0,False,encoded_but_unused
pair_33,19,sink_arg,2,-0.5,-0.59375,-0.578125,0.16666666666666666,False,encoded_but_unused
pair_33,19,last_token,1,-0.5,-0.59375,-0.53125,0.6666666666666666,False,encoded_and_used
pair_33,19,sanitizer_def,1,-0.5,-0.59375,-0.59375,0.0,False,encoded_but_unused
pair_33,23,sink_arg,2,-0.5,-0.59375,-0.578125,0.16666666666666666,False,encoded_but_unused
pair_33,23,last_token,1,-0.5,-0.59375,-0.5,1.0,False,encoded_and_used
pair_33,23,sanitizer_def,1,-0.5,-0.59375,-0.59375,0.0,False,encoded_but_unused
pair_33,27,sink_arg,2,-0.5,-0.59375,-0.59375,0.0,False,encoded_but_unused
pair_33,27,last_token,1,-0.5,-0.59375,-0.515625,0.8333333333333334,False,encoded_and_used
pair_33,27,sanitizer_def,1,-0.5,-0.59375,-0.59375,0.0,False,encoded_but_unused
pair_33,31,sink_arg,2,-0.5,-0.59375,-0.59375,0.0,False,not_encoded
pair_33,31,last_token,1,-0.5,-0.59375,-0.5,1.0,False,not_encoded
pair_33,31,sanitizer_def,1,-0.5,-0.59375,-0.59375,0.0,False,not_encoded
pair_34,-1,sink_arg,2,-0.328125,-0.390625,-0.390625,0.0,False,not_encoded
pair_34,-1,last_token,1,-0.328125,-0.390625,-0.390625,0.0,False,not_encoded
pair_34,-1,sanitizer_def,1,-0.328125,-0.390625,-0.390625,0.0,False,not_encoded
pair_34,0,sink_arg,2,-0.328125,-0.390625,-0.328125,1.0,False,not_encoded
pair_34,0,last_token,1,-0.328125,-0.390625,-0.390625,0.0,False,not_encoded
pair_34,0,sanitizer_def,1,-0.328125,-0.390625,-0.390625,0.0,False,not_encoded
pair_34,3,sink_arg,2,-0.328125,-0.390625,-0.328125,1.0,False,not_encoded
pair_34,3,last_token,1,-0.328125,-0.390625,-0.390625,0.0,False,not_encoded
pair_34,3,sanitizer_def,1,-0.328125,-0.390625,-0.390625,0.0,False,not_encoded
pair_34,7,sink_arg,2,-0.328125,-0.390625,-0.34375,0.75,False,not_encoded
pair_34,7,last_token,1,-0.328125,-0.390625,-0.390625,0.0,False,not_encoded
pair_34,7,sanitizer_def,1,-0.328125,-0.390625,-0.390625,0.0,False,not_encoded
pair_34,11,sink_arg,2,-0.328125,-0.390625,-0.359375,0.5,False,not_encoded
pair_34,11,last_token,1,-0.328125,-0.390625,-0.375,0.25,False,not_encoded
pair_34,11,sanitizer_def,1,-0.328125,-0.390625,-0.390625,0.0,False,not_encoded
pair_34,15,sink_arg,2,-0.328125,-0.390625,-0.375,0.25,False,not_encoded
pair_34,15,last_token,1,-0.328125,-0.390625,-0.390625,0.0,False,not_encoded
pair_34,15,sanitizer_def,1,-0.328125,-0.390625,-0.390625,0.0,False,not_encoded
pair_34,19,sink_arg,2,-0.328125,-0.390625,-0.390625,0.0,False,not_encoded
pair_34,19,last_token,1,-0.328125,-0.390625,-0.34375,0.75,False,not_encoded
pair_34,19,sanitizer_def,1,-0.328125,-0.390625,-0.390625,0.0,False,not_encoded
pair_34,23,sink_arg,2,-0.328125,-0.390625,-0.390625,0.0,False,not_encoded
pair_34,23,last_token,1,-0.328125,-0.390625,-0.34375,0.75,False,not_encoded
pair_34,23,sanitizer_def,1,-0.328125,-0.390625,-0.390625,0.0,False,not_encoded
pair_34,27,sink_arg,2,-0.328125,-0.390625,-0.390625,0.0,False,not_encoded
pair_34,27,last_token,1,-0.328125,-0.390625,-0.34375,0.75,False,not_encoded
pair_34,27,sanitizer_def,1,-0.328125,-0.390625,-0.390625,0.0,False,not_encoded
pair_34,31,sink_arg,2,-0.328125,-0.390625,-0.390625,0.0,False,encoded_but_unused
pair_34,31,last_token,1,-0.328125,-0.390625,-0.328125,1.0,False,encoded_and_used
pair_34,31,sanitizer_def,1,-0.328125,-0.390625,-0.390625,0.0,False,encoded_but_unused
pair_35,-1,sink_arg,1,-0.4531250596046448,-0.5,-0.5,0.0,False,not_encoded
pair_35,-1,last_token,1,-0.4531250596046448,-0.5,-0.5,0.0,False,not_encoded
pair_35,-1,sanitizer_def,1,-0.4531250596046448,-0.5,-0.5,0.0,False,not_encoded
pair_35,0,sink_arg,1,-0.4531250596046448,-0.5,-0.453125,1.000001271567372,False,not_encoded
pair_35,0,last_token,1,-0.4531250596046448,-0.5,-0.5,0.0,False,not_encoded
pair_35,0,sanitizer_def,1,-0.4531250596046448,-0.5,-0.5,0.0,False,not_encoded
pair_35,3,sink_arg,1,-0.4531250596046448,-0.5,-0.484375,0.333333757189124,False,not_encoded
pair_35,3,last_token,1,-0.4531250596046448,-0.5,-0.4999999403953552,1.271567372089859e-06,False,not_encoded
pair_35,3,sanitizer_def,1,-0.4531250596046448,-0.5,-0.5,0.0,False,not_encoded
pair_35,7,sink_arg,1,-0.4531250596046448,-0.5,-0.46875,0.666667514378248,False,encoded_and_used
pair_35,7,last_token,1,-0.4531250596046448,-0.5,-0.4999999403953552,1.271567372089859e-06,False,encoded_but_unused
pair_35,7,sanitizer_def,1,-0.4531250596046448,-0.5,-0.5,0.0,False,encoded_but_unused
pair_35,11,sink_arg,1,-0.4531250596046448,-0.5,-0.4531249403953552,1.0000025431347441,False,encoded_and_used
pair_35,11,last_token,1,-0.4531250596046448,-0.5,-0.484375,0.333333757189124,False,encoded_but_unused
pair_35,11,sanitizer_def,1,-0.4531250596046448,-0.5,-0.5,0.0,False,encoded_but_unused
pair_35,15,sink_arg,1,-0.4531250596046448,-0.5,-0.484375,0.333333757189124,False,not_encoded
pair_35,15,last_token,1,-0.4531250596046448,-0.5,-0.4843749403953552,0.3333350287564961,False,not_encoded
pair_35,15,sanitizer_def,1,-0.4531250596046448,-0.5,-0.5,0.0,False,not_encoded
pair_35,19,sink_arg,1,-0.4531250596046448,-0.5,-0.5,0.0,False,not_encoded
pair_35,19,last_token,1,-0.4531250596046448,-0.5,-0.515625,-0.333333757189124,False,not_encoded
pair_35,19,sanitizer_def,1,-0.4531250596046448,-0.5,-0.5,0.0,False,not_encoded
pair_35,23,sink_arg,1,-0.4531250596046448,-0.5,-0.5,0.0,False,encoded_but_unused
pair_35,23,last_token,1,-0.4531250596046448,-0.5,-0.4999999403953552,1.271567372089859e-06,False,encoded_but_unused
pair_35,23,sanitizer_def,1,-0.4531250596046448,-0.5,-0.5,0.0,False,encoded_but_unused
pair_35,27,sink_arg,1,-0.4531250596046448,-0.5,-0.5,0.0,False,encoded_but_unused
pair_35,27,last_token,1,-0.4531250596046448,-0.5,-0.484375,0.333333757189124,False,encoded_but_unused
pair_35,27,sanitizer_def,1,-0.4531250596046448,-0.5,-0.5,0.0,False,encoded_but_unused
pair_35,31,sink_arg,1,-0.4531250596046448,-0.5,-0.5,0.0,False,not_encoded
pair_35,31,last_token,1,-0.4531250596046448,-0.5,-0.4531250596046448,1.0,False,not_encoded
pair_35,31,sanitizer_def,1,-0.4531250596046448,-0.5,-0.5,0.0,False,not_encoded
pair_36,-1,sink_arg,1,-0.375,-0.4375,-0.4375,0.0,False,not_encoded
pair_36,-1,last_token,1,-0.375,-0.4375,-0.4375,0.0,False,not_encoded
pair_36,-1,sanitizer_def,1,-0.375,-0.4375,-0.4375,0.0,False,not_encoded
pair_36,0,sink_arg,1,-0.375,-0.4375,-0.3593750596046448,1.2499990463256836,False,not_encoded
pair_36,0,last_token,1,-0.375,-0.4375,-0.4375,0.0,False,not_encoded
pair_36,0,sanitizer_def,1,-0.375,-0.4375,-0.4375,0.0,False,not_encoded
pair_36,3,sink_arg,1,-0.375,-0.4375,-0.3750000596046448,0.9999990463256836,False,not_encoded
pair_36,3,last_token,1,-0.375,-0.4375,-0.4375,0.0,False,not_encoded
pair_36,3,sanitizer_def,1,-0.375,-0.4375,-0.4375,0.0,False,not_encoded
pair_36,7,sink_arg,1,-0.375,-0.4375,-0.3906250596046448,0.7499990463256836,False,encoded_and_used
pair_36,7,last_token,1,-0.375,-0.4375,-0.421875,0.25,False,encoded_but_unused
pair_36,7,sanitizer_def,1,-0.375,-0.4375,-0.4375,0.0,False,encoded_but_unused
pair_36,11,sink_arg,1,-0.375,-0.4375,-0.390625,0.75,False,encoded_and_used
pair_36,11,last_token,1,-0.375,-0.4375,-0.421875,0.25,False,encoded_but_unused
pair_36,11,sanitizer_def,1,-0.375,-0.4375,-0.4375,0.0,False,encoded_but_unused
pair_36,15,sink_arg,1,-0.375,-0.4375,-0.4218749403953552,0.2500009536743164,False,encoded_but_unused
pair_36,15,last_token,1,-0.375,-0.4375,-0.4062500596046448,0.4999990463256836,False,encoded_but_unused
pair_36,15,sanitizer_def,1,-0.375,-0.4375,-0.4375,0.0,False,encoded_but_unused
pair_36,19,sink_arg,1,-0.375,-0.4375,-0.4218749403953552,0.2500009536743164,False,encoded_but_unused
pair_36,19,last_token,1,-0.375,-0.4375,-0.4062500596046448,0.4999990463256836,False,encoded_but_unused
pair_36,19,sanitizer_def,1,-0.375,-0.4375,-0.4375,0.0,False,encoded_but_unused
pair_36,23,sink_arg,1,-0.375,-0.4375,-0.4218750596046448,0.2499990463256836,False,not_encoded
pair_36,23,last_token,1,-0.375,-0.4375,-0.390625,0.75,False,not_encoded
pair_36,23,sanitizer_def,1,-0.375,-0.4375,-0.4375,0.0,False,not_encoded
pair_36,27,sink_arg,1,-0.375,-0.4375,-0.4375,0.0,False,not_encoded
pair_36,27,last_token,1,-0.375,-0.4375,-0.3749999403953552,1.0000009536743164,False,not_encoded
pair_36,27,sanitizer_def,1,-0.375,-0.4375,-0.4375,0.0,False,not_encoded
pair_36,31,sink_arg,1,-0.375,-0.4375,-0.4375,0.0,False,encoded_but_unused
pair_36,31,last_token,1,-0.375,-0.4375,-0.375,1.0,False,encoded_and_used
pair_36,31,sanitizer_def,1,-0.375,-0.4375,-0.4375,0.0,False,encoded_but_unused
pair_37,-1,sink_arg,2,-0.5,-0.609375,-0.609375,0.0,False,not_encoded
pair_37,-1,last_token,1,-0.5,-0.609375,-0.609375,0.0,False,not_encoded
pair_37,-1,sanitizer_def,1,-0.5,-0.609375,-0.609375,0.0,False,not_encoded
pair_37,0,sink_arg,2,-0.5,-0.609375,-0.484375,1.1428571428571428,False,not_encoded
pair_37,0,last_token,1,-0.5,-0.609375,-0.609375,0.0,False,not_encoded
pair_37,0,sanitizer_def,1,-0.5,-0.609375,-0.609375,0.0,False,not_encoded
pair_37,3,sink_arg,2,-0.5,-0.609375,-0.5,1.0,False,not_encoded
pair_37,3,last_token,1,-0.5,-0.609375,-0.609375,0.0,False,not_encoded
pair_37,3,sanitizer_def,1,-0.5,-0.609375,-0.609375,0.0,False,not_encoded
pair_37,7,sink_arg,2,-0.5,-0.609375,-0.546875,0.5714285714285714,False,encoded_and_used
pair_37,7,last_token,1,-0.5,-0.609375,-0.609375,0.0,False,encoded_but_unused
pair_37,7,sanitizer_def,1,-0.5,-0.609375,-0.609375,0.0,False,encoded_but_unused
pair_37,11,sink_arg,2,-0.5,-0.609375,-0.578125,0.2857142857142857,False,encoded_but_unused
pair_37,11,last_token,1,-0.5,-0.609375,-0.59375,0.14285714285714285,False,encoded_but_unused
pair_37,11,sanitizer_def,1,-0.5,-0.609375,-0.609375,0.0,False,encoded_but_unused
pair_37,15,sink_arg,2,-0.5,-0.609375,-0.609375,0.0,False,not_encoded
pair_37,15,last_token,1,-0.5,-0.609375,-0.5625,0.42857142857142855,False,not_encoded
pair_37,15,sanitizer_def,1,-0.5,-0.609375,-0.609375,0.0,False,not_encoded
pair_37,19,sink_arg,2,-0.5,-0.609375,-0.625,-0.14285714285714285,False,encoded_but_unused
pair_37,19,last_token,1,-0.5,-0.609375,-0.5,1.0,False,encoded_and_used
pair_37,19,sanitizer_def,1,-0.5,-0.609375,-0.609375,0.0,False,encoded_but_unused
pair_37,23,sink_arg,2,-0.5,-0.609375,-0.609375,0.0,False,encoded_but_unused
pair_37,23,last_token,1,-0.5,-0.609375,-0.5,1.0,False,encoded_and_used
pair_37,23,sanitizer_def,1,-0.5,-0.609375,-0.609375,0.0,False,encoded_but_unused
pair_37,27,sink_arg,2,-0.5,-0.609375,-0.609375,0.0,False,encoded_but_unused
pair_37,27,last_token,1,-0.5,-0.609375,-0.5,1.0,False,encoded_and_used
pair_37,27,sanitizer_def,1,-0.5,-0.609375,-0.609375,0.0,False,encoded_but_unused
pair_37,31,sink_arg,2,-0.5,-0.609375,-0.609375,0.0,False,encoded_but_unused
pair_37,31,last_token,1,-0.5,-0.609375,-0.5,1.0,False,encoded_and_used
pair_37,31,sanitizer_def,1,-0.5,-0.609375,-0.609375,0.0,False,encoded_but_unused
pair_38,-1,sink_arg,2,-0.390625,-0.53125,-0.53125,0.0,False,not_encoded
pair_38,-1,last_token,1,-0.390625,-0.53125,-0.53125,0.0,False,not_encoded
pair_38,-1,sanitizer_def,1,-0.390625,-0.53125,-0.53125,0.0,False,not_encoded
pair_38,0,sink_arg,2,-0.390625,-0.53125,-0.40625,0.8888888888888888,False,not_encoded
pair_38,0,last_token,1,-0.390625,-0.53125,-0.53125,0.0,False,not_encoded
pair_38,0,sanitizer_def,1,-0.390625,-0.53125,-0.53125,0.0,False,not_encoded
pair_38,3,sink_arg,2,-0.390625,-0.53125,-0.390625,1.0,False,not_encoded
pair_38,3,last_token,1,-0.390625,-0.53125,-0.53125,0.0,False,not_encoded
pair_38,3,sanitizer_def,1,-0.390625,-0.53125,-0.53125,0.0,False,not_encoded
pair_38,7,sink_arg,2,-0.390625,-0.53125,-0.4375,0.6666666666666666,False,encoded_and_used
pair_38,7,last_token,1,-0.390625,-0.53125,-0.515625,0.1111111111111111,False,encoded_but_unused
pair_38,7,sanitizer_def,1,-0.390625,-0.53125,-0.53125,0.0,False,encoded_but_unused
pair_38,11,sink_arg,2,-0.390625,-0.53125,-0.453125,0.5555555555555556,False,encoded_and_used
pair_38,11,last_token,1,-0.390625,-0.53125,-0.515625,0.1111111111111111,False,encoded_but_unused
pair_38,11,sanitizer_def,1,-0.390625,-0.53125,-0.53125,0.0,False,encoded_but_unused
pair_38,15,sink_arg,2,-0.390625,-0.53125,-0.5,0.2222222222222222,False,not_encoded
pair_38,15,last_token,1,-0.390625,-0.53125,-0.453125,0.5555555555555556,False,not_encoded
pair_38,15,sanitizer_def,1,-0.390625,-0.53125,-0.53125,0.0,False,not_encoded
pair_38,19,sink_arg,2,-0.390625,-0.53125,-0.5312499403953552,4.238552517361111e-07,False,encoded_but_unused
pair_38,19,last_token,1,-0.390625,-0.53125,-0.421875,0.7777777777777778,False,encoded_and_used
pair_38,19,sanitizer_def,1,-0.390625,-0.53125,-0.53125,0.0,False,encoded_but_unused
pair_38,23,sink_arg,2,-0.390625,-0.53125,-0.53125,0.0,False,encoded_but_unused
pair_38,23,last_token,1,-0.390625,-0.53125,-0.390625,1.0,False,encoded_and_used
pair_38,23,sanitizer_def,1,-0.390625,-0.53125,-0.53125,0.0,False,encoded_but_unused
pair_38,27,sink_arg,2,-0.390625,-0.53125,-0.5312500596046448,-4.238552517361111e-07,False,not_encoded
pair_38,27,last_token,1,-0.390625,-0.53125,-0.40625,0.8888888888888888,False,not_encoded
pair_38,27,sanitizer_def,1,-0.390625,-0.53125,-0.53125,0.0,False,not_encoded
pair_38,31,sink_arg,2,-0.390625,-0.53125,-0.53125,0.0,False,not_encoded
pair_38,31,last_token,1,-0.390625,-0.53125,-0.390625,1.0,False,not_encoded
pair_38,31,sanitizer_def,1,-0.390625,-0.53125,-0.53125,0.0,False,not_encoded
pair_39,-1,sink_arg,1,-0.515625,-0.578125,-0.578125,0.0,False,not_encoded
pair_39,-1,last_token,1,-0.515625,-0.578125,-0.578125,0.0,False,not_encoded
pair_39,-1,sanitizer_def,1,-0.515625,-0.578125,-0.578125,0.0,False,not_encoded
pair_39,0,sink_arg,1,-0.515625,-0.578125,-0.53125,0.75,False,encoded_and_used
pair_39,0,last_token,1,-0.515625,-0.578125,-0.5937499403953552,-0.2499990463256836,False,encoded_but_unused
pair_39,0,sanitizer_def,1,-0.515625,-0.578125,-0.578125,0.0,False,encoded_but_unused
pair_39,3,sink_arg,1,-0.515625,-0.578125,-0.546875,0.5,False,not_encoded
pair_39,3,last_token,1,-0.515625,-0.578125,-0.59375,-0.25,False,not_encoded
pair_39,3,sanitizer_def,1,-0.515625,-0.578125,-0.578125,0.0,False,not_encoded
pair_39,7,sink_arg,1,-0.515625,-0.578125,-0.546875,0.5,False,not_encoded
pair_39,7,last_token,1,-0.515625,-0.578125,-0.578125,0.0,False,not_encoded
pair_39,7,sanitizer_def,1,-0.515625,-0.578125,-0.578125,0.0,False,not_encoded
pair_39,11,sink_arg,1,-0.515625,-0.578125,-0.546875,0.5,False,encoded_but_unused
pair_39,11,last_token,1,-0.515625,-0.578125,-0.59375,-0.25,False,encoded_but_unused
pair_39,11,sanitizer_def,1,-0.515625,-0.578125,-0.578125,0.0,False,encoded_but_unused
pair_39,15,sink_arg,1,-0.515625,-0.578125,-0.578125,0.0,False,not_encoded
pair_39,15,last_token,1,-0.515625,-0.578125,-0.5625,0.25,False,not_encoded
pair_39,15,sanitizer_def,1,-0.515625,-0.578125,-0.578125,0.0,False,not_encoded
pair_39,19,sink_arg,1,-0.515625,-0.578125,-0.5781249403953552,9.5367431640625e-07,False,encoded_but_unused
pair_39,19,last_token,1,-0.515625,-0.578125,-0.546875,0.5,False,encoded_but_unused
pair_39,19,sanitizer_def,1,-0.515625,-0.578125,-0.578125,0.0,False,encoded_but_unused
pair_39,23,sink_arg,1,-0.515625,-0.578125,-0.5937500596046448,-0.2500009536743164,False,not_encoded
pair_39,23,last_token,1,-0.515625,-0.578125,-0.53125,0.75,False,not_encoded
pair_39,23,sanitizer_def,1,-0.515625,-0.578125,-0.578125,0.0,False,not_encoded
pair_39,27,sink_arg,1,-0.515625,-0.578125,-0.578125,0.0,False,not_encoded
pair_39,27,last_token,1,-0.515625,-0.578125,-0.546875,0.5,False,not_encoded
pair_39,27,sanitizer_def,1,-0.515625,-0.578125,-0.578125,0.0,False,not_encoded
pair_39,31,sink_arg,1,-0.515625,-0.578125,-0.578125,0.0,False,encoded_but_unused
pair_39,31,last_token,1,-0.515625,-0.578125,-0.515625,1.0,False,encoded_and_used
pair_39,31,sanitizer_def,1,-0.515625,-0.578125,-0.578125,0.0,False,encoded_but_unused
